Review_ID,Review,Sentiment,Product_Category,Rating
1,The product matches the description and is fairly average. Delivery was normal.,Neutral,Mobile Accessories,2
2,"The features are useful, although the performance is average. I may consider other options next time.",Neutral,Books,3
3,The product matches the description and is fairly average. The experience was acceptable.,Neutral,Sports,2
4,Fantastic product with good build quality and smooth performance. The delivery was also good.,Positive,Mobile Accessories,5
5,The product arrived damaged and did not work properly. It needs major improvement.,Negative,Home Appliances,1
6,The product is neither very good nor very bad. I may consider other options next time.,Neutral,Furniture,3
7,"It is a decent purchase, but I expected slightly more. The experience was acceptable.",Neutral,Home Appliances,2
8,The product has several problems and does not work as advertised. It needs major improvement.,Negative,Beauty,1
9,Great product for the price. Very useful and easy to use. The delivery was also good.,Positive,Shoes,4
10,Very bad quality and definitely not worth the money. Customer support did not help much.,Negative,Sports,2
11,I expected much better quality. This was a disappointing purchase. It needs major improvement.,Negative,Shoes,1
12,Great product for the price. Very useful and easy to use. It is worth the price.,Positive,Beauty,5
13,Great product for the price. Very useful and easy to use. I would purchase it again.,Positive,Beauty,4
14,The product matches the description and is fairly average. The experience was acceptable.,Neutral,Beauty,3
15,The product stopped working after a few days. Not recommended. I would not purchase it again.,Negative,Beauty,2
16,Very happy with my purchase. The product feels durable and reliable. I would purchase it again.,Positive,Electronics,4
17,"It is a decent purchase, but I expected slightly more. It is suitable for basic use.",Neutral,Electronics,2
18,The product arrived quickly and was exactly as described. I would purchase it again.,Positive,Books,5
19,The product arrived damaged and did not work properly. I would not purchase it again.,Negative,Home Appliances,1
20,Poor experience. The item was faulty and difficult to use. I would not purchase it again.,Negative,Home Appliances,2
21,Great product for the price. Very useful and easy to use. I am very satisfied.,Positive,Clothing,4
22,I absolutely love this product. The quality is excellent and it works perfectly. Highly recommended.,Positive,Clothing,5
23,I absolutely love this product. The quality is excellent and it works perfectly. I would purchase it again.,Positive,Books,5
24,I would not recommend this product to anyone. The delivery was also disappointing.,Negative,Sports,2
25,"Overall, the experience was okay. Delivery was normal.",Neutral,Kitchen,2
26,I would not recommend this product to anyone. The delivery was also disappointing.,Negative,Furniture,2
27,I am disappointed with this product. The quality is very poor. I regret buying it.,Negative,Beauty,1
28,"It is a decent purchase, but I expected slightly more. Delivery was normal.",Neutral,Sports,3
29,"The product is comfortable, reliable, and worth the money. I am very satisfied.",Positive,Clothing,5
30,"The features are useful, although the performance is average. Delivery was normal.",Neutral,Home Appliances,2
31,"The features are useful, although the performance is average. Delivery was normal.",Neutral,Mobile Accessories,2
32,"Overall, the experience was okay. I may consider other options next time.",Neutral,Home Appliances,3
33,This product exceeded my expectations. I would definitely buy it again. The delivery was also good.,Positive,Electronics,4
34,Very bad quality and definitely not worth the money. It needs major improvement.,Negative,Kitchen,2
35,This product exceeded my expectations. I would definitely buy it again. I would purchase it again.,Positive,Beauty,4
36,Fantastic product with good build quality and smooth performance. I am very satisfied.,Positive,Electronics,4
37,The product arrived damaged and did not work properly. I would not purchase it again.,Negative,Electronics,2
38,I absolutely love this product. The quality is excellent and it works perfectly. Highly recommended.,Positive,Books,5
39,The product arrived quickly and was exactly as described. I am very satisfied.,Positive,Sports,5
40,The product is okay and works as expected. It could be improved.,Neutral,Sports,2
41,Excellent quality and amazing performance. Highly recommended. The delivery was also good.,Positive,Sports,5
42,Fantastic product with good build quality and smooth performance. I would purchase it again.,Positive,Furniture,4
43,Very happy with my purchase. The product feels durable and reliable. It is worth the price.,Positive,Clothing,5
44,I absolutely love this product. The quality is excellent and it works perfectly. It is worth the price.,Positive,Shoes,5
45,It arrived on time and appears to work normally. I may consider other options next time.,Neutral,Kitchen,3
46,The quality is acceptable for the price. It is suitable for basic use.,Neutral,Electronics,2
47,Very bad quality and definitely not worth the money. The delivery was also disappointing.,Negative,Sports,2
48,Great product for the price. Very useful and easy to use. I am very satisfied.,Positive,Mobile Accessories,5
49,Waste of money. The product did not meet my expectations. Customer support did not help much.,Negative,Home Appliances,2
50,It arrived on time and appears to work normally. Delivery was normal.,Neutral,Kitchen,3
51,It is an average product. Nothing particularly impressive. It is suitable for basic use.,Neutral,Clothing,3
52,The performance is poor and the product feels cheaply made. I would not purchase it again.,Negative,Furniture,2
53,Excellent quality and amazing performance. Highly recommended. Highly recommended.,Positive,Shoes,5
54,Waste of money. The product did not meet my expectations. I regret buying it.,Negative,Mobile Accessories,2
55,I absolutely love this product. The quality is excellent and it works perfectly. I am very satisfied.,Positive,Clothing,4
56,The performance is poor and the product feels cheaply made. I regret buying it.,Negative,Clothing,1
57,"The features are useful, although the performance is average. I may consider other options next time.",Neutral,Mobile Accessories,2
58,"The product is comfortable, reliable, and worth the money. It is worth the price.",Positive,Beauty,4
59,Very bad quality and definitely not worth the money. Customer support did not help much.,Negative,Beauty,1
60,The product matches the description and is fairly average. Delivery was normal.,Neutral,Mobile Accessories,3
61,Works really well and looks great. Good value for money. I would purchase it again.,Positive,Furniture,5
62,Excellent quality and amazing performance. Highly recommended. Highly recommended.,Positive,Beauty,5
63,I absolutely love this product. The quality is excellent and it works perfectly. The delivery was also good.,Positive,Shoes,5
64,I absolutely love this product. The quality is excellent and it works perfectly. I would purchase it again.,Positive,Electronics,5
65,I am satisfied with the quality and the overall experience. It is worth the price.,Positive,Clothing,4
66,"The product does its basic job, but there is room for improvement. Delivery was normal.",Neutral,Home Appliances,2
67,"The features are useful, although the performance is average. The experience was acceptable.",Neutral,Home Appliances,3
68,"It is a decent purchase, but I expected slightly more. It could be improved.",Neutral,Home Appliances,2
69,The quality is acceptable for the price. It could be improved.,Neutral,Kitchen,2
70,This product exceeded my expectations. I would definitely buy it again. I am very satisfied.,Positive,Furniture,5
71,The product matches the description and is fairly average. It is suitable for basic use.,Neutral,Home Appliances,3
72,The product arrived damaged and did not work properly. I would not purchase it again.,Negative,Books,1
73,The performance is poor and the product feels cheaply made. Customer support did not help much.,Negative,Home Appliances,2
74,It arrived on time and appears to work normally. It is suitable for basic use.,Neutral,Sports,3
75,I absolutely love this product. The quality is excellent and it works perfectly. The delivery was also good.,Positive,Shoes,4
76,Great product for the price. Very useful and easy to use. The delivery was also good.,Positive,Beauty,4
77,The product arrived damaged and did not work properly. It needs major improvement.,Negative,Books,1
78,The product has several problems and does not work as advertised. The delivery was also disappointing.,Negative,Kitchen,1
79,Waste of money. The product did not meet my expectations. The delivery was also disappointing.,Negative,Electronics,2
80,The performance is poor and the product feels cheaply made. The delivery was also disappointing.,Negative,Mobile Accessories,2
81,The product is neither very good nor very bad. I may consider other options next time.,Neutral,Clothing,3
82,The product is neither very good nor very bad. I may consider other options next time.,Neutral,Mobile Accessories,3
83,I absolutely love this product. The quality is excellent and it works perfectly. The delivery was also good.,Positive,Clothing,4
84,"It is a decent purchase, but I expected slightly more. Delivery was normal.",Neutral,Electronics,2
85,The product stopped working after a few days. Not recommended. Customer support did not help much.,Negative,Home Appliances,1
86,"The product is comfortable, reliable, and worth the money. I would purchase it again.",Positive,Electronics,5
87,The product has several problems and does not work as advertised. The delivery was also disappointing.,Negative,Mobile Accessories,2
88,The product is okay and works as expected. It is suitable for basic use.,Neutral,Furniture,2
89,The product arrived damaged and did not work properly. I would not purchase it again.,Negative,Sports,1
90,Very bad quality and definitely not worth the money. I regret buying it.,Negative,Home Appliances,1
91,Great product for the price. Very useful and easy to use. It is worth the price.,Positive,Beauty,5
92,It is an average product. Nothing particularly impressive. I may consider other options next time.,Neutral,Shoes,2
93,The product has several problems and does not work as advertised. It needs major improvement.,Negative,Clothing,1
94,It is an average product. Nothing particularly impressive. I may consider other options next time.,Neutral,Shoes,3
95,"The features are useful, although the performance is average. The experience was acceptable.",Neutral,Electronics,3
96,Excellent quality and amazing performance. Highly recommended. I would purchase it again.,Positive,Kitchen,4
97,Poor experience. The item was faulty and difficult to use. I regret buying it.,Negative,Electronics,2
98,Waste of money. The product did not meet my expectations. It needs major improvement.,Negative,Furniture,2
99,Great product for the price. Very useful and easy to use. I am very satisfied.,Positive,Kitchen,5
100,The product is okay and works as expected. It could be improved.,Neutral,Sports,3
101,Very bad quality and definitely not worth the money. The delivery was also disappointing.,Negative,Beauty,1
102,This product exceeded my expectations. I would definitely buy it again. The delivery was also good.,Positive,Books,4
103,This product exceeded my expectations. I would definitely buy it again. It is worth the price.,Positive,Mobile Accessories,4
104,It is an average product. Nothing particularly impressive. It could be improved.,Neutral,Shoes,3
105,"It is a decent purchase, but I expected slightly more. It could be improved.",Neutral,Beauty,3
106,The product arrived quickly and was exactly as described. I would purchase it again.,Positive,Home Appliances,4
107,"The features are useful, although the performance is average. Delivery was normal.",Neutral,Furniture,3
108,Great product for the price. Very useful and easy to use. I am very satisfied.,Positive,Electronics,4
109,"The product is comfortable, reliable, and worth the money. I am very satisfied.",Positive,Clothing,4
110,"Overall, the experience was okay. I may consider other options next time.",Neutral,Home Appliances,2
111,Poor experience. The item was faulty and difficult to use. Customer support did not help much.,Negative,Books,2
112,"The product is comfortable, reliable, and worth the money. Highly recommended.",Positive,Home Appliances,5
113,The product arrived damaged and did not work properly. I regret buying it.,Negative,Home Appliances,2
114,The performance is poor and the product feels cheaply made. I would not purchase it again.,Negative,Shoes,1
115,This product exceeded my expectations. I would definitely buy it again. It is worth the price.,Positive,Beauty,4
116,I am disappointed with this product. The quality is very poor. Customer support did not help much.,Negative,Electronics,2
117,Great product for the price. Very useful and easy to use. The delivery was also good.,Positive,Shoes,4
118,Fantastic product with good build quality and smooth performance. It is worth the price.,Positive,Clothing,5
119,The product is neither very good nor very bad. The experience was acceptable.,Neutral,Furniture,2
120,"The features are useful, although the performance is average. The experience was acceptable.",Neutral,Books,2
121,Waste of money. The product did not meet my expectations. Customer support did not help much.,Negative,Kitchen,1
122,It is an average product. Nothing particularly impressive. It could be improved.,Neutral,Home Appliances,3
123,Works really well and looks great. Good value for money. It is worth the price.,Positive,Electronics,4
124,The quality is acceptable for the price. Delivery was normal.,Neutral,Furniture,3
125,It arrived on time and appears to work normally. It is suitable for basic use.,Neutral,Books,2
126,The performance is poor and the product feels cheaply made. Customer support did not help much.,Negative,Clothing,2
127,"The product does its basic job, but there is room for improvement. Delivery was normal.",Neutral,Sports,2
128,I am satisfied with the quality and the overall experience. It is worth the price.,Positive,Beauty,5
129,Fantastic product with good build quality and smooth performance. Highly recommended.,Positive,Home Appliances,4
130,I am satisfied with the quality and the overall experience. I would purchase it again.,Positive,Beauty,4
131,The product arrived damaged and did not work properly. It needs major improvement.,Negative,Books,1
132,"The features are useful, although the performance is average. I may consider other options next time.",Neutral,Beauty,3
133,"Overall, the experience was okay. It could be improved.",Neutral,Mobile Accessories,2
134,It arrived on time and appears to work normally. I may consider other options next time.,Neutral,Clothing,2
135,Works really well and looks great. Good value for money. It is worth the price.,Positive,Home Appliances,4
136,Great product for the price. Very useful and easy to use. Highly recommended.,Positive,Shoes,5
137,Works really well and looks great. Good value for money. It is worth the price.,Positive,Furniture,5
138,The quality is acceptable for the price. Delivery was normal.,Neutral,Books,2
139,The product is okay and works as expected. I may consider other options next time.,Neutral,Kitchen,3
140,I expected much better quality. This was a disappointing purchase. Customer support did not help much.,Negative,Home Appliances,1
141,Poor experience. The item was faulty and difficult to use. I would not purchase it again.,Negative,Sports,2
142,The product is neither very good nor very bad. I may consider other options next time.,Neutral,Sports,2
143,I would not recommend this product to anyone. Customer support did not help much.,Negative,Kitchen,2
144,Waste of money. The product did not meet my expectations. Customer support did not help much.,Negative,Furniture,1
145,I expected much better quality. This was a disappointing purchase. The delivery was also disappointing.,Negative,Furniture,2
146,Very happy with my purchase. The product feels durable and reliable. Highly recommended.,Positive,Furniture,4
147,I expected much better quality. This was a disappointing purchase. I would not purchase it again.,Negative,Electronics,1
148,The product arrived damaged and did not work properly. I regret buying it.,Negative,Home Appliances,1
149,The product has several problems and does not work as advertised. Customer support did not help much.,Negative,Mobile Accessories,1
150,I am satisfied with the quality and the overall experience. The delivery was also good.,Positive,Books,5
151,It is an average product. Nothing particularly impressive. It is suitable for basic use.,Neutral,Beauty,3
152,The product has several problems and does not work as advertised. I would not purchase it again.,Negative,Clothing,1
153,Fantastic product with good build quality and smooth performance. I would purchase it again.,Positive,Books,5
154,I would not recommend this product to anyone. I would not purchase it again.,Negative,Clothing,1
155,Fantastic product with good build quality and smooth performance. Highly recommended.,Positive,Beauty,4
156,The product is neither very good nor very bad. It could be improved.,Neutral,Kitchen,3
157,Great product for the price. Very useful and easy to use. I am very satisfied.,Positive,Shoes,4
158,The performance is poor and the product feels cheaply made. The delivery was also disappointing.,Negative,Furniture,1
159,"Overall, the experience was okay. It could be improved.",Neutral,Beauty,3
160,I would not recommend this product to anyone. The delivery was also disappointing.,Negative,Mobile Accessories,2
161,The product matches the description and is fairly average. Delivery was normal.,Neutral,Shoes,3
162,"The product does its basic job, but there is room for improvement. The experience was acceptable.",Neutral,Furniture,3
163,Great product for the price. Very useful and easy to use. It is worth the price.,Positive,Shoes,5
164,Great product for the price. Very useful and easy to use. It is worth the price.,Positive,Shoes,4
165,"The product does its basic job, but there is room for improvement. Delivery was normal.",Neutral,Mobile Accessories,3
166,"The features are useful, although the performance is average. I may consider other options next time.",Neutral,Books,2
167,Works really well and looks great. Good value for money. I would purchase it again.,Positive,Home Appliances,4
168,I would not recommend this product to anyone. I regret buying it.,Negative,Electronics,2
169,The product stopped working after a few days. Not recommended. I would not purchase it again.,Negative,Books,2
170,The product arrived quickly and was exactly as described. The delivery was also good.,Positive,Books,4
171,The product stopped working after a few days. Not recommended. The delivery was also disappointing.,Negative,Electronics,1
172,Very bad quality and definitely not worth the money. It needs major improvement.,Negative,Kitchen,1
173,It arrived on time and appears to work normally. Delivery was normal.,Neutral,Electronics,2
174,"The product is comfortable, reliable, and worth the money. I am very satisfied.",Positive,Furniture,5
175,The product arrived damaged and did not work properly. Customer support did not help much.,Negative,Books,2
176,It arrived on time and appears to work normally. It is suitable for basic use.,Neutral,Shoes,2
177,The product has several problems and does not work as advertised. I regret buying it.,Negative,Books,2
178,"It is a decent purchase, but I expected slightly more. Delivery was normal.",Neutral,Sports,2
179,This product exceeded my expectations. I would definitely buy it again. It is worth the price.,Positive,Mobile Accessories,4
180,"The product does its basic job, but there is room for improvement. It is suitable for basic use.",Neutral,Kitchen,3
181,I am satisfied with the quality and the overall experience. I would purchase it again.,Positive,Beauty,4
182,The performance is poor and the product feels cheaply made. The delivery was also disappointing.,Negative,Home Appliances,2
183,The product is neither very good nor very bad. It could be improved.,Neutral,Mobile Accessories,3
184,Waste of money. The product did not meet my expectations. It needs major improvement.,Negative,Beauty,1
185,The product arrived quickly and was exactly as described. The delivery was also good.,Positive,Mobile Accessories,5
186,"The product is comfortable, reliable, and worth the money. Highly recommended.",Positive,Furniture,5
187,Great product for the price. Very useful and easy to use. I would purchase it again.,Positive,Electronics,4
188,Very bad quality and definitely not worth the money. It needs major improvement.,Negative,Sports,1
189,It arrived on time and appears to work normally. The experience was acceptable.,Neutral,Furniture,2
190,The product matches the description and is fairly average. The experience was acceptable.,Neutral,Electronics,2
191,"The product is comfortable, reliable, and worth the money. The delivery was also good.",Positive,Mobile Accessories,5
192,The product is neither very good nor very bad. I may consider other options next time.,Neutral,Mobile Accessories,2
193,The product is neither very good nor very bad. The experience was acceptable.,Neutral,Books,2
194,I am satisfied with the quality and the overall experience. The delivery was also good.,Positive,Electronics,4
195,"It is a decent purchase, but I expected slightly more. I may consider other options next time.",Neutral,Beauty,2
196,I would not recommend this product to anyone. I would not purchase it again.,Negative,Electronics,1
197,I am satisfied with the quality and the overall experience. I would purchase it again.,Positive,Sports,4
198,The product stopped working after a few days. Not recommended. The delivery was also disappointing.,Negative,Home Appliances,1
199,I am satisfied with the quality and the overall experience. I would purchase it again.,Positive,Furniture,5
200,The product arrived quickly and was exactly as described. I am very satisfied.,Positive,Mobile Accessories,5
201,The quality is acceptable for the price. It could be improved.,Neutral,Shoes,3
202,"The features are useful, although the performance is average. It could be improved.",Neutral,Beauty,2
203,Fantastic product with good build quality and smooth performance. Highly recommended.,Positive,Books,5
204,The product has several problems and does not work as advertised. Customer support did not help much.,Negative,Beauty,1
205,"The product does its basic job, but there is room for improvement. I may consider other options next time.",Neutral,Mobile Accessories,2
206,The product matches the description and is fairly average. It could be improved.,Neutral,Home Appliances,3
207,I expected much better quality. This was a disappointing purchase. Customer support did not help much.,Negative,Kitchen,1
208,The product has several problems and does not work as advertised. Customer support did not help much.,Negative,Furniture,2
209,Works really well and looks great. Good value for money. It is worth the price.,Positive,Electronics,5
210,Poor experience. The item was faulty and difficult to use. It needs major improvement.,Negative,Beauty,2
211,The product has several problems and does not work as advertised. It needs major improvement.,Negative,Sports,2
212,The product matches the description and is fairly average. The experience was acceptable.,Neutral,Kitchen,3
213,The quality is acceptable for the price. It could be improved.,Neutral,Home Appliances,2
214,The product arrived damaged and did not work properly. I regret buying it.,Negative,Furniture,2
215,This product exceeded my expectations. I would definitely buy it again. Highly recommended.,Positive,Mobile Accessories,5
216,Works really well and looks great. Good value for money. Highly recommended.,Positive,Mobile Accessories,4
217,The product arrived quickly and was exactly as described. It is worth the price.,Positive,Electronics,5
218,Works really well and looks great. Good value for money. I would purchase it again.,Positive,Clothing,4
219,The product is neither very good nor very bad. It is suitable for basic use.,Neutral,Books,3
220,The product stopped working after a few days. Not recommended. I would not purchase it again.,Negative,Electronics,1
221,The product matches the description and is fairly average. I may consider other options next time.,Neutral,Clothing,3
222,"Overall, the experience was okay. Delivery was normal.",Neutral,Shoes,2
223,"The product is comfortable, reliable, and worth the money. I would purchase it again.",Positive,Electronics,5
224,The product stopped working after a few days. Not recommended. It needs major improvement.,Negative,Mobile Accessories,1
225,It is an average product. Nothing particularly impressive. It is suitable for basic use.,Neutral,Home Appliances,2
226,The product arrived quickly and was exactly as described. I am very satisfied.,Positive,Furniture,4
227,I am satisfied with the quality and the overall experience. The delivery was also good.,Positive,Beauty,5
228,I would not recommend this product to anyone. I regret buying it.,Negative,Kitchen,1
229,"The features are useful, although the performance is average. It is suitable for basic use.",Neutral,Mobile Accessories,3
230,Great product for the price. Very useful and easy to use. The delivery was also good.,Positive,Home Appliances,4
231,The quality is acceptable for the price. It is suitable for basic use.,Neutral,Electronics,3
232,The product is neither very good nor very bad. The experience was acceptable.,Neutral,Kitchen,3
233,The product stopped working after a few days. Not recommended. I would not purchase it again.,Negative,Beauty,1
234,This product exceeded my expectations. I would definitely buy it again. It is worth the price.,Positive,Home Appliances,4
235,I am satisfied with the quality and the overall experience. I am very satisfied.,Positive,Beauty,5
236,The product is okay and works as expected. It could be improved.,Neutral,Electronics,3
237,The product arrived quickly and was exactly as described. I would purchase it again.,Positive,Kitchen,5
238,It arrived on time and appears to work normally. It is suitable for basic use.,Neutral,Electronics,2
239,I am disappointed with this product. The quality is very poor. I regret buying it.,Negative,Shoes,1
240,I am satisfied with the quality and the overall experience. The delivery was also good.,Positive,Mobile Accessories,4
241,Poor experience. The item was faulty and difficult to use. I would not purchase it again.,Negative,Electronics,2
242,This product exceeded my expectations. I would definitely buy it again. It is worth the price.,Positive,Beauty,5
243,I would not recommend this product to anyone. Customer support did not help much.,Negative,Sports,2
244,"The product does its basic job, but there is room for improvement. The experience was acceptable.",Neutral,Home Appliances,3
245,I am satisfied with the quality and the overall experience. I am very satisfied.,Positive,Shoes,5
246,Great product for the price. Very useful and easy to use. I am very satisfied.,Positive,Beauty,5
247,It arrived on time and appears to work normally. It is suitable for basic use.,Neutral,Electronics,2
248,"The product is comfortable, reliable, and worth the money. It is worth the price.",Positive,Clothing,4
249,The product arrived quickly and was exactly as described. It is worth the price.,Positive,Mobile Accessories,4
250,The product stopped working after a few days. Not recommended. I would not purchase it again.,Negative,Home Appliances,1
251,The product is okay and works as expected. The experience was acceptable.,Neutral,Kitchen,2
252,It arrived on time and appears to work normally. I may consider other options next time.,Neutral,Shoes,2
253,Works really well and looks great. Good value for money. I am very satisfied.,Positive,Furniture,5
254,The product is okay and works as expected. It is suitable for basic use.,Neutral,Shoes,2
255,The performance is poor and the product feels cheaply made. I regret buying it.,Negative,Sports,2
256,I expected much better quality. This was a disappointing purchase. I regret buying it.,Negative,Clothing,2
257,It arrived on time and appears to work normally. It could be improved.,Neutral,Electronics,2
258,I am disappointed with this product. The quality is very poor. I regret buying it.,Negative,Clothing,2
259,I am disappointed with this product. The quality is very poor. I would not purchase it again.,Negative,Sports,1
260,I am disappointed with this product. The quality is very poor. Customer support did not help much.,Negative,Sports,2
261,The product is okay and works as expected. It could be improved.,Neutral,Furniture,3
262,"It is a decent purchase, but I expected slightly more. I may consider other options next time.",Neutral,Home Appliances,3
263,Excellent quality and amazing performance. Highly recommended. It is worth the price.,Positive,Clothing,5
264,"The features are useful, although the performance is average. It could be improved.",Neutral,Sports,3
265,I absolutely love this product. The quality is excellent and it works perfectly. I would purchase it again.,Positive,Kitchen,5
266,I am disappointed with this product. The quality is very poor. It needs major improvement.,Negative,Books,1
267,Very bad quality and definitely not worth the money. It needs major improvement.,Negative,Shoes,1
268,I expected much better quality. This was a disappointing purchase. I regret buying it.,Negative,Mobile Accessories,1
269,The product has several problems and does not work as advertised. Customer support did not help much.,Negative,Clothing,2
270,I am satisfied with the quality and the overall experience. It is worth the price.,Positive,Furniture,5
271,The product matches the description and is fairly average. Delivery was normal.,Neutral,Mobile Accessories,3
272,"The features are useful, although the performance is average. Delivery was normal.",Neutral,Sports,2
273,Very bad quality and definitely not worth the money. Customer support did not help much.,Negative,Beauty,1
274,Excellent quality and amazing performance. Highly recommended. The delivery was also good.,Positive,Sports,4
275,The quality is acceptable for the price. It could be improved.,Neutral,Clothing,2
276,It is an average product. Nothing particularly impressive. Delivery was normal.,Neutral,Electronics,3
277,The product arrived damaged and did not work properly. I would not purchase it again.,Negative,Electronics,1
278,"It is a decent purchase, but I expected slightly more. I may consider other options next time.",Neutral,Beauty,3
279,"The product is comfortable, reliable, and worth the money. The delivery was also good.",Positive,Clothing,5
280,This product exceeded my expectations. I would definitely buy it again. The delivery was also good.,Positive,Sports,5
281,"It is a decent purchase, but I expected slightly more. It could be improved.",Neutral,Kitchen,3
282,Fantastic product with good build quality and smooth performance. I would purchase it again.,Positive,Shoes,5
283,Works really well and looks great. Good value for money. I am very satisfied.,Positive,Books,4
284,Works really well and looks great. Good value for money. The delivery was also good.,Positive,Kitchen,5
285,Excellent quality and amazing performance. Highly recommended. It is worth the price.,Positive,Beauty,4
286,The product is okay and works as expected. It could be improved.,Neutral,Kitchen,3
287,Works really well and looks great. Good value for money. The delivery was also good.,Positive,Mobile Accessories,5
288,I expected much better quality. This was a disappointing purchase. The delivery was also disappointing.,Negative,Home Appliances,2
289,This product exceeded my expectations. I would definitely buy it again. I would purchase it again.,Positive,Beauty,4
290,"The product is comfortable, reliable, and worth the money. Highly recommended.",Positive,Electronics,5
291,The product has several problems and does not work as advertised. Customer support did not help much.,Negative,Electronics,2
292,The product has several problems and does not work as advertised. Customer support did not help much.,Negative,Kitchen,2
293,"The product does its basic job, but there is room for improvement. It could be improved.",Neutral,Furniture,2
294,It arrived on time and appears to work normally. The experience was acceptable.,Neutral,Mobile Accessories,3
295,The product is okay and works as expected. It is suitable for basic use.,Neutral,Home Appliances,2
296,Very bad quality and definitely not worth the money. I regret buying it.,Negative,Beauty,1
297,This product exceeded my expectations. I would definitely buy it again. I am very satisfied.,Positive,Shoes,4
298,The product has several problems and does not work as advertised. I regret buying it.,Negative,Beauty,2
299,Poor experience. The item was faulty and difficult to use. Customer support did not help much.,Negative,Sports,2
300,I absolutely love this product. The quality is excellent and it works perfectly. It is worth the price.,Positive,Electronics,5
301,This product exceeded my expectations. I would definitely buy it again. I would purchase it again.,Positive,Shoes,4
302,"The features are useful, although the performance is average. The experience was acceptable.",Neutral,Mobile Accessories,3
303,Very happy with my purchase. The product feels durable and reliable. It is worth the price.,Positive,Home Appliances,5
304,"The product does its basic job, but there is room for improvement. It is suitable for basic use.",Neutral,Beauty,3
305,Poor experience. The item was faulty and difficult to use. I regret buying it.,Negative,Kitchen,1
306,Great product for the price. Very useful and easy to use. The delivery was also good.,Positive,Electronics,5
307,The quality is acceptable for the price. Delivery was normal.,Neutral,Mobile Accessories,2
308,The product matches the description and is fairly average. Delivery was normal.,Neutral,Sports,2
309,The product is okay and works as expected. I may consider other options next time.,Neutral,Books,2
310,The product arrived quickly and was exactly as described. It is worth the price.,Positive,Clothing,4
311,Works really well and looks great. Good value for money. I am very satisfied.,Positive,Kitchen,5
312,"Overall, the experience was okay. It could be improved.",Neutral,Mobile Accessories,2
313,Great product for the price. Very useful and easy to use. I would purchase it again.,Positive,Shoes,4
314,I would not recommend this product to anyone. I would not purchase it again.,Negative,Clothing,1
315,"The product does its basic job, but there is room for improvement. It is suitable for basic use.",Neutral,Books,2
316,Very bad quality and definitely not worth the money. Customer support did not help much.,Negative,Shoes,2
317,This product exceeded my expectations. I would definitely buy it again. Highly recommended.,Positive,Furniture,5
318,I am disappointed with this product. The quality is very poor. Customer support did not help much.,Negative,Electronics,2
319,The product is okay and works as expected. I may consider other options next time.,Neutral,Mobile Accessories,3
320,The product matches the description and is fairly average. I may consider other options next time.,Neutral,Electronics,2
321,The product is neither very good nor very bad. Delivery was normal.,Neutral,Home Appliances,3
322,Very happy with my purchase. The product feels durable and reliable. I am very satisfied.,Positive,Kitchen,5
323,The product has several problems and does not work as advertised. The delivery was also disappointing.,Negative,Kitchen,1
324,Waste of money. The product did not meet my expectations. The delivery was also disappointing.,Negative,Sports,2
325,It is an average product. Nothing particularly impressive. It is suitable for basic use.,Neutral,Furniture,3
326,The product is neither very good nor very bad. Delivery was normal.,Neutral,Mobile Accessories,3
327,I am satisfied with the quality and the overall experience. Highly recommended.,Positive,Clothing,4
328,I am disappointed with this product. The quality is very poor. I would not purchase it again.,Negative,Furniture,1
329,I would not recommend this product to anyone. I regret buying it.,Negative,Shoes,1
330,The product has several problems and does not work as advertised. The delivery was also disappointing.,Negative,Beauty,1
331,Great product for the price. Very useful and easy to use. I would purchase it again.,Positive,Kitchen,5
332,"Overall, the experience was okay. It could be improved.",Neutral,Kitchen,2
333,The product is neither very good nor very bad. I may consider other options next time.,Neutral,Electronics,3
334,It arrived on time and appears to work normally. It could be improved.,Neutral,Mobile Accessories,2
335,"The features are useful, although the performance is average. I may consider other options next time.",Neutral,Electronics,3
336,Waste of money. The product did not meet my expectations. The delivery was also disappointing.,Negative,Shoes,1
337,The performance is poor and the product feels cheaply made. The delivery was also disappointing.,Negative,Home Appliances,2
338,It arrived on time and appears to work normally. It could be improved.,Neutral,Electronics,3
339,I would not recommend this product to anyone. The delivery was also disappointing.,Negative,Shoes,1
340,"The features are useful, although the performance is average. It is suitable for basic use.",Neutral,Books,2
341,The performance is poor and the product feels cheaply made. Customer support did not help much.,Negative,Mobile Accessories,2
342,The product arrived quickly and was exactly as described. Highly recommended.,Positive,Shoes,5
343,It arrived on time and appears to work normally. The experience was acceptable.,Neutral,Electronics,2
344,Poor experience. The item was faulty and difficult to use. It needs major improvement.,Negative,Clothing,2
345,Very happy with my purchase. The product feels durable and reliable. Highly recommended.,Positive,Books,4
346,"The features are useful, although the performance is average. It could be improved.",Neutral,Books,2
347,I am disappointed with this product. The quality is very poor. The delivery was also disappointing.,Negative,Home Appliances,2
348,Fantastic product with good build quality and smooth performance. I would purchase it again.,Positive,Beauty,5
349,It is an average product. Nothing particularly impressive. It could be improved.,Neutral,Furniture,2
350,Great product for the price. Very useful and easy to use. The delivery was also good.,Positive,Clothing,5
351,It is an average product. Nothing particularly impressive. The experience was acceptable.,Neutral,Sports,3
352,The product has several problems and does not work as advertised. Customer support did not help much.,Negative,Home Appliances,2
353,This product exceeded my expectations. I would definitely buy it again. It is worth the price.,Positive,Mobile Accessories,5
354,I am disappointed with this product. The quality is very poor. Customer support did not help much.,Negative,Home Appliances,1
355,Poor experience. The item was faulty and difficult to use. Customer support did not help much.,Negative,Clothing,2
356,Great product for the price. Very useful and easy to use. The delivery was also good.,Positive,Mobile Accessories,4
357,I would not recommend this product to anyone. I would not purchase it again.,Negative,Electronics,2
358,I absolutely love this product. The quality is excellent and it works perfectly. I would purchase it again.,Positive,Books,4
359,The product arrived damaged and did not work properly. Customer support did not help much.,Negative,Furniture,1
360,It is an average product. Nothing particularly impressive. Delivery was normal.,Neutral,Furniture,3
361,I expected much better quality. This was a disappointing purchase. I would not purchase it again.,Negative,Sports,2
362,Waste of money. The product did not meet my expectations. The delivery was also disappointing.,Negative,Beauty,2
363,"It is a decent purchase, but I expected slightly more. I may consider other options next time.",Neutral,Electronics,3
364,Great product for the price. Very useful and easy to use. It is worth the price.,Positive,Books,5
365,Excellent quality and amazing performance. Highly recommended. I would purchase it again.,Positive,Beauty,5
366,Works really well and looks great. Good value for money. The delivery was also good.,Positive,Shoes,4
367,"Overall, the experience was okay. The experience was acceptable.",Neutral,Home Appliances,3
368,"The features are useful, although the performance is average. It could be improved.",Neutral,Shoes,3
369,"The features are useful, although the performance is average. It is suitable for basic use.",Neutral,Clothing,2
370,The performance is poor and the product feels cheaply made. Customer support did not help much.,Negative,Furniture,1
371,This product exceeded my expectations. I would definitely buy it again. I am very satisfied.,Positive,Furniture,5
372,"The product is comfortable, reliable, and worth the money. I would purchase it again.",Positive,Home Appliances,4
373,"Overall, the experience was okay. The experience was acceptable.",Neutral,Furniture,3
374,"The features are useful, although the performance is average. Delivery was normal.",Neutral,Mobile Accessories,2
375,Great product for the price. Very useful and easy to use. I would purchase it again.,Positive,Clothing,4
376,It is an average product. Nothing particularly impressive. It is suitable for basic use.,Neutral,Sports,3
377,The product is neither very good nor very bad. It could be improved.,Neutral,Shoes,2
378,"Overall, the experience was okay. It is suitable for basic use.",Neutral,Mobile Accessories,3
379,The product arrived quickly and was exactly as described. It is worth the price.,Positive,Home Appliances,5
380,The product is neither very good nor very bad. Delivery was normal.,Neutral,Shoes,3
381,Great product for the price. Very useful and easy to use. The delivery was also good.,Positive,Shoes,4
382,The product stopped working after a few days. Not recommended. I would not purchase it again.,Negative,Electronics,1
383,The product arrived quickly and was exactly as described. Highly recommended.,Positive,Kitchen,5
384,I absolutely love this product. The quality is excellent and it works perfectly. I am very satisfied.,Positive,Furniture,5
385,Great product for the price. Very useful and easy to use. Highly recommended.,Positive,Books,4
386,The performance is poor and the product feels cheaply made. It needs major improvement.,Negative,Mobile Accessories,1
387,"Overall, the experience was okay. It could be improved.",Neutral,Mobile Accessories,2
388,Excellent quality and amazing performance. Highly recommended. I am very satisfied.,Positive,Home Appliances,4
389,Works really well and looks great. Good value for money. I am very satisfied.,Positive,Electronics,5
390,"Overall, the experience was okay. The experience was acceptable.",Neutral,Shoes,3
391,Very bad quality and definitely not worth the money. Customer support did not help much.,Negative,Clothing,1
392,The quality is acceptable for the price. It could be improved.,Neutral,Furniture,2
393,"Overall, the experience was okay. It is suitable for basic use.",Neutral,Books,3
394,"The features are useful, although the performance is average. It is suitable for basic use.",Neutral,Books,3
395,The product has several problems and does not work as advertised. It needs major improvement.,Negative,Kitchen,1
396,"It is a decent purchase, but I expected slightly more. It is suitable for basic use.",Neutral,Clothing,3
397,I absolutely love this product. The quality is excellent and it works perfectly. It is worth the price.,Positive,Beauty,4
398,Very happy with my purchase. The product feels durable and reliable. Highly recommended.,Positive,Clothing,4
399,Excellent quality and amazing performance. Highly recommended. It is worth the price.,Positive,Shoes,5
400,I expected much better quality. This was a disappointing purchase. It needs major improvement.,Negative,Electronics,1
401,This product exceeded my expectations. I would definitely buy it again. I am very satisfied.,Positive,Mobile Accessories,5
402,Very bad quality and definitely not worth the money. The delivery was also disappointing.,Negative,Beauty,2
403,The product matches the description and is fairly average. Delivery was normal.,Neutral,Shoes,3
404,The product stopped working after a few days. Not recommended. I would not purchase it again.,Negative,Kitchen,1
405,The performance is poor and the product feels cheaply made. The delivery was also disappointing.,Negative,Shoes,1
406,"The features are useful, although the performance is average. It could be improved.",Neutral,Electronics,3
407,Excellent quality and amazing performance. Highly recommended. I am very satisfied.,Positive,Electronics,4
408,The performance is poor and the product feels cheaply made. The delivery was also disappointing.,Negative,Beauty,2
409,I absolutely love this product. The quality is excellent and it works perfectly. It is worth the price.,Positive,Shoes,4
410,Poor experience. The item was faulty and difficult to use. It needs major improvement.,Negative,Kitchen,1
411,The product matches the description and is fairly average. Delivery was normal.,Neutral,Kitchen,2
412,Great product for the price. Very useful and easy to use. The delivery was also good.,Positive,Sports,4
413,"It is a decent purchase, but I expected slightly more. I may consider other options next time.",Neutral,Sports,3
414,Excellent quality and amazing performance. Highly recommended. I would purchase it again.,Positive,Sports,4
415,"The product is comfortable, reliable, and worth the money. Highly recommended.",Positive,Books,5
416,"The product does its basic job, but there is room for improvement. It is suitable for basic use.",Neutral,Sports,2
417,The product is okay and works as expected. I may consider other options next time.,Neutral,Books,2
418,Fantastic product with good build quality and smooth performance. Highly recommended.,Positive,Sports,4
419,The product is okay and works as expected. The experience was acceptable.,Neutral,Mobile Accessories,2
420,Great product for the price. Very useful and easy to use. Highly recommended.,Positive,Clothing,5
421,This product exceeded my expectations. I would definitely buy it again. It is worth the price.,Positive,Furniture,5
422,Very bad quality and definitely not worth the money. The delivery was also disappointing.,Negative,Books,2
423,The product is okay and works as expected. Delivery was normal.,Neutral,Beauty,2
424,The product is neither very good nor very bad. The experience was acceptable.,Neutral,Beauty,3
425,This product exceeded my expectations. I would definitely buy it again. Highly recommended.,Positive,Home Appliances,5
426,Works really well and looks great. Good value for money. Highly recommended.,Positive,Shoes,5
427,I absolutely love this product. The quality is excellent and it works perfectly. It is worth the price.,Positive,Electronics,4
428,This product exceeded my expectations. I would definitely buy it again. I would purchase it again.,Positive,Kitchen,5
429,The product arrived quickly and was exactly as described. I would purchase it again.,Positive,Furniture,5
430,Great product for the price. Very useful and easy to use. The delivery was also good.,Positive,Shoes,5
431,I expected much better quality. This was a disappointing purchase. I would not purchase it again.,Negative,Furniture,2
432,Works really well and looks great. Good value for money. I would purchase it again.,Positive,Sports,4
433,The product stopped working after a few days. Not recommended. Customer support did not help much.,Negative,Kitchen,2
434,"It is a decent purchase, but I expected slightly more. Delivery was normal.",Neutral,Clothing,3
435,The product matches the description and is fairly average. The experience was acceptable.,Neutral,Clothing,3
436,"The features are useful, although the performance is average. The experience was acceptable.",Neutral,Sports,2
437,"It is a decent purchase, but I expected slightly more. I may consider other options next time.",Neutral,Shoes,2
438,It is an average product. Nothing particularly impressive. It is suitable for basic use.,Neutral,Furniture,2
439,The product arrived damaged and did not work properly. It needs major improvement.,Negative,Kitchen,2
440,The product arrived quickly and was exactly as described. I am very satisfied.,Positive,Clothing,4
441,The product arrived quickly and was exactly as described. I am very satisfied.,Positive,Mobile Accessories,5
442,It is an average product. Nothing particularly impressive. The experience was acceptable.,Neutral,Electronics,2
443,The product arrived damaged and did not work properly. The delivery was also disappointing.,Negative,Beauty,1
444,"It is a decent purchase, but I expected slightly more. Delivery was normal.",Neutral,Mobile Accessories,3
445,The performance is poor and the product feels cheaply made. The delivery was also disappointing.,Negative,Mobile Accessories,2
446,This product exceeded my expectations. I would definitely buy it again. Highly recommended.,Positive,Mobile Accessories,4
447,I would not recommend this product to anyone. Customer support did not help much.,Negative,Sports,2
448,Very bad quality and definitely not worth the money. I would not purchase it again.,Negative,Books,2
449,Fantastic product with good build quality and smooth performance. I would purchase it again.,Positive,Furniture,5
450,I would not recommend this product to anyone. I regret buying it.,Negative,Books,1
451,The product stopped working after a few days. Not recommended. It needs major improvement.,Negative,Kitchen,2
452,"The features are useful, although the performance is average. It could be improved.",Neutral,Books,3
453,Waste of money. The product did not meet my expectations. Customer support did not help much.,Negative,Electronics,2
454,It is an average product. Nothing particularly impressive. It is suitable for basic use.,Neutral,Furniture,3
455,It arrived on time and appears to work normally. It is suitable for basic use.,Neutral,Sports,3
456,Excellent quality and amazing performance. Highly recommended. It is worth the price.,Positive,Shoes,5
457,"Overall, the experience was okay. It is suitable for basic use.",Neutral,Sports,2
458,I am satisfied with the quality and the overall experience. The delivery was also good.,Positive,Electronics,5
459,This product exceeded my expectations. I would definitely buy it again. Highly recommended.,Positive,Electronics,5
460,This product exceeded my expectations. I would definitely buy it again. The delivery was also good.,Positive,Furniture,5
461,"Overall, the experience was okay. It is suitable for basic use.",Neutral,Furniture,2
462,Great product for the price. Very useful and easy to use. Highly recommended.,Positive,Kitchen,5
463,Fantastic product with good build quality and smooth performance. Highly recommended.,Positive,Furniture,5
464,Works really well and looks great. Good value for money. It is worth the price.,Positive,Sports,4
465,The product matches the description and is fairly average. It is suitable for basic use.,Neutral,Books,3
466,The quality is acceptable for the price. I may consider other options next time.,Neutral,Kitchen,2
467,I am satisfied with the quality and the overall experience. I would purchase it again.,Positive,Beauty,5
468,Fantastic product with good build quality and smooth performance. I would purchase it again.,Positive,Kitchen,5
469,Great product for the price. Very useful and easy to use. It is worth the price.,Positive,Shoes,5
470,The product has several problems and does not work as advertised. I regret buying it.,Negative,Furniture,2
471,I am satisfied with the quality and the overall experience. The delivery was also good.,Positive,Furniture,5
472,I am disappointed with this product. The quality is very poor. The delivery was also disappointing.,Negative,Shoes,2
473,I am disappointed with this product. The quality is very poor. The delivery was also disappointing.,Negative,Sports,2
474,"The product is comfortable, reliable, and worth the money. I am very satisfied.",Positive,Furniture,4
475,The product stopped working after a few days. Not recommended. The delivery was also disappointing.,Negative,Home Appliances,2
476,The product stopped working after a few days. Not recommended. I regret buying it.,Negative,Beauty,1
477,I would not recommend this product to anyone. The delivery was also disappointing.,Negative,Books,1
478,The product stopped working after a few days. Not recommended. It needs major improvement.,Negative,Furniture,2
479,It arrived on time and appears to work normally. It is suitable for basic use.,Neutral,Clothing,2
480,The product is neither very good nor very bad. Delivery was normal.,Neutral,Kitchen,2
481,Poor experience. The item was faulty and difficult to use. It needs major improvement.,Negative,Books,2
482,Fantastic product with good build quality and smooth performance. Highly recommended.,Positive,Kitchen,5
483,The product is neither very good nor very bad. I may consider other options next time.,Neutral,Beauty,2
484,Waste of money. The product did not meet my expectations. The delivery was also disappointing.,Negative,Beauty,2
485,Waste of money. The product did not meet my expectations. Customer support did not help much.,Negative,Clothing,2
486,I would not recommend this product to anyone. I regret buying it.,Negative,Beauty,2
487,The product arrived damaged and did not work properly. I would not purchase it again.,Negative,Beauty,1
488,I would not recommend this product to anyone. Customer support did not help much.,Negative,Kitchen,2
489,The product arrived quickly and was exactly as described. I am very satisfied.,Positive,Clothing,5
490,The performance is poor and the product feels cheaply made. The delivery was also disappointing.,Negative,Kitchen,1
491,The product arrived quickly and was exactly as described. I am very satisfied.,Positive,Kitchen,5
492,"It is a decent purchase, but I expected slightly more. Delivery was normal.",Neutral,Kitchen,3
493,The product arrived damaged and did not work properly. Customer support did not help much.,Negative,Mobile Accessories,1
494,I expected much better quality. This was a disappointing purchase. I would not purchase it again.,Negative,Electronics,2
495,"The features are useful, although the performance is average. I may consider other options next time.",Neutral,Books,2
496,Fantastic product with good build quality and smooth performance. I would purchase it again.,Positive,Mobile Accessories,5
497,This product exceeded my expectations. I would definitely buy it again. I am very satisfied.,Positive,Shoes,4
498,I would not recommend this product to anyone. I regret buying it.,Negative,Clothing,1
499,This product exceeded my expectations. I would definitely buy it again. Highly recommended.,Positive,Mobile Accessories,5
500,I would not recommend this product to anyone. I regret buying it.,Negative,Books,2
501,The product is okay and works as expected. I may consider other options next time.,Neutral,Shoes,3
502,Very happy with my purchase. The product feels durable and reliable. Highly recommended.,Positive,Beauty,5
503,This product exceeded my expectations. I would definitely buy it again. Highly recommended.,Positive,Beauty,5
504,I am disappointed with this product. The quality is very poor. The delivery was also disappointing.,Negative,Home Appliances,2
505,Great product for the price. Very useful and easy to use. It is worth the price.,Positive,Sports,4
506,It is an average product. Nothing particularly impressive. Delivery was normal.,Neutral,Sports,2
507,I would not recommend this product to anyone. The delivery was also disappointing.,Negative,Furniture,2
508,It arrived on time and appears to work normally. It could be improved.,Neutral,Sports,3
509,I expected much better quality. This was a disappointing purchase. Customer support did not help much.,Negative,Shoes,2
510,This product exceeded my expectations. I would definitely buy it again. I am very satisfied.,Positive,Shoes,5
511,Very bad quality and definitely not worth the money. Customer support did not help much.,Negative,Home Appliances,1
512,Works really well and looks great. Good value for money. The delivery was also good.,Positive,Sports,4
513,This product exceeded my expectations. I would definitely buy it again. I would purchase it again.,Positive,Furniture,4
514,It arrived on time and appears to work normally. I may consider other options next time.,Neutral,Kitchen,2
515,Great product for the price. Very useful and easy to use. The delivery was also good.,Positive,Clothing,5
516,The performance is poor and the product feels cheaply made. I would not purchase it again.,Negative,Sports,2
517,I am satisfied with the quality and the overall experience. I am very satisfied.,Positive,Shoes,4
518,"The product is comfortable, reliable, and worth the money. I would purchase it again.",Positive,Kitchen,5
519,"Overall, the experience was okay. It could be improved.",Neutral,Shoes,2
520,The product matches the description and is fairly average. I may consider other options next time.,Neutral,Furniture,3
521,Fantastic product with good build quality and smooth performance. I am very satisfied.,Positive,Clothing,4
522,Excellent quality and amazing performance. Highly recommended. It is worth the price.,Positive,Clothing,5
523,"It is a decent purchase, but I expected slightly more. I may consider other options next time.",Neutral,Furniture,3
524,Very happy with my purchase. The product feels durable and reliable. I am very satisfied.,Positive,Electronics,5
525,This product exceeded my expectations. I would definitely buy it again. I am very satisfied.,Positive,Electronics,5
526,"It is a decent purchase, but I expected slightly more. Delivery was normal.",Neutral,Furniture,2
527,The performance is poor and the product feels cheaply made. It needs major improvement.,Negative,Sports,2
528,Very bad quality and definitely not worth the money. Customer support did not help much.,Negative,Electronics,2
529,"Overall, the experience was okay. I may consider other options next time.",Neutral,Mobile Accessories,2
530,The product stopped working after a few days. Not recommended. It needs major improvement.,Negative,Kitchen,1
531,The performance is poor and the product feels cheaply made. I would not purchase it again.,Negative,Electronics,2
532,The product matches the description and is fairly average. Delivery was normal.,Neutral,Shoes,3
533,It is an average product. Nothing particularly impressive. It could be improved.,Neutral,Furniture,2
534,The product arrived damaged and did not work properly. I regret buying it.,Negative,Mobile Accessories,2
535,Excellent quality and amazing performance. Highly recommended. The delivery was also good.,Positive,Shoes,5
536,Poor experience. The item was faulty and difficult to use. Customer support did not help much.,Negative,Mobile Accessories,2
537,"Overall, the experience was okay. It is suitable for basic use.",Neutral,Shoes,2
538,I would not recommend this product to anyone. I would not purchase it again.,Negative,Shoes,2
539,The product is okay and works as expected. The experience was acceptable.,Neutral,Kitchen,2
540,"The features are useful, although the performance is average. It could be improved.",Neutral,Mobile Accessories,3
541,Poor experience. The item was faulty and difficult to use. I regret buying it.,Negative,Electronics,2
542,"It is a decent purchase, but I expected slightly more. It could be improved.",Neutral,Mobile Accessories,2
543,"The product is comfortable, reliable, and worth the money. I would purchase it again.",Positive,Sports,5
544,I am disappointed with this product. The quality is very poor. The delivery was also disappointing.,Negative,Beauty,1
545,Works really well and looks great. Good value for money. I would purchase it again.,Positive,Beauty,4
546,The quality is acceptable for the price. The experience was acceptable.,Neutral,Books,2
547,The product arrived quickly and was exactly as described. I would purchase it again.,Positive,Furniture,5
548,Very bad quality and definitely not worth the money. I regret buying it.,Negative,Clothing,1
549,The product stopped working after a few days. Not recommended. I would not purchase it again.,Negative,Clothing,2
550,The product arrived quickly and was exactly as described. The delivery was also good.,Positive,Electronics,5
551,"Overall, the experience was okay. It could be improved.",Neutral,Furniture,3
552,Poor experience. The item was faulty and difficult to use. Customer support did not help much.,Negative,Home Appliances,2
553,Fantastic product with good build quality and smooth performance. I would purchase it again.,Positive,Furniture,5
554,It is an average product. Nothing particularly impressive. Delivery was normal.,Neutral,Home Appliances,3
555,I am satisfied with the quality and the overall experience. The delivery was also good.,Positive,Books,4
556,Waste of money. The product did not meet my expectations. Customer support did not help much.,Negative,Home Appliances,1
557,Great product for the price. Very useful and easy to use. It is worth the price.,Positive,Beauty,4
558,The product arrived quickly and was exactly as described. Highly recommended.,Positive,Sports,4
559,I am satisfied with the quality and the overall experience. It is worth the price.,Positive,Electronics,4
560,Excellent quality and amazing performance. Highly recommended. I am very satisfied.,Positive,Furniture,5
561,Waste of money. The product did not meet my expectations. Customer support did not help much.,Negative,Sports,1
562,Waste of money. The product did not meet my expectations. I would not purchase it again.,Negative,Electronics,1
563,The product stopped working after a few days. Not recommended. I regret buying it.,Negative,Furniture,2
564,Works really well and looks great. Good value for money. It is worth the price.,Positive,Electronics,5
565,The product arrived quickly and was exactly as described. It is worth the price.,Positive,Furniture,4
566,The product matches the description and is fairly average. Delivery was normal.,Neutral,Books,2
567,The product is okay and works as expected. I may consider other options next time.,Neutral,Furniture,2
568,I am satisfied with the quality and the overall experience. I am very satisfied.,Positive,Shoes,4
569,The product is okay and works as expected. The experience was acceptable.,Neutral,Beauty,3
570,I am disappointed with this product. The quality is very poor. The delivery was also disappointing.,Negative,Sports,2
571,This product exceeded my expectations. I would definitely buy it again. Highly recommended.,Positive,Beauty,5
572,Very happy with my purchase. The product feels durable and reliable. I am very satisfied.,Positive,Clothing,5
573,The product stopped working after a few days. Not recommended. I would not purchase it again.,Negative,Books,1
574,The product is neither very good nor very bad. Delivery was normal.,Neutral,Sports,3
575,I expected much better quality. This was a disappointing purchase. The delivery was also disappointing.,Negative,Home Appliances,1
576,Very happy with my purchase. The product feels durable and reliable. It is worth the price.,Positive,Electronics,5
577,"The product is comfortable, reliable, and worth the money. I am very satisfied.",Positive,Shoes,5
578,Excellent quality and amazing performance. Highly recommended. I would purchase it again.,Positive,Clothing,5
579,The quality is acceptable for the price. It could be improved.,Neutral,Sports,2
580,Excellent quality and amazing performance. Highly recommended. I am very satisfied.,Positive,Shoes,4
581,Great product for the price. Very useful and easy to use. I am very satisfied.,Positive,Electronics,4
582,Fantastic product with good build quality and smooth performance. It is worth the price.,Positive,Furniture,4
583,Very bad quality and definitely not worth the money. It needs major improvement.,Negative,Shoes,1
584,Very bad quality and definitely not worth the money. It needs major improvement.,Negative,Shoes,1
585,The product arrived quickly and was exactly as described. The delivery was also good.,Positive,Kitchen,4
586,"Overall, the experience was okay. I may consider other options next time.",Neutral,Furniture,2
587,I am disappointed with this product. The quality is very poor. It needs major improvement.,Negative,Shoes,1
588,It arrived on time and appears to work normally. Delivery was normal.,Neutral,Electronics,2
589,Works really well and looks great. Good value for money. The delivery was also good.,Positive,Furniture,4
590,It is an average product. Nothing particularly impressive. It is suitable for basic use.,Neutral,Clothing,2
591,The product has several problems and does not work as advertised. I would not purchase it again.,Negative,Beauty,2
592,Waste of money. The product did not meet my expectations. It needs major improvement.,Negative,Books,2
593,The product stopped working after a few days. Not recommended. I would not purchase it again.,Negative,Home Appliances,1
594,The product matches the description and is fairly average. The experience was acceptable.,Neutral,Clothing,2
595,"It is a decent purchase, but I expected slightly more. I may consider other options next time.",Neutral,Books,2
596,"The product is comfortable, reliable, and worth the money. It is worth the price.",Positive,Beauty,5
597,Very bad quality and definitely not worth the money. I would not purchase it again.,Negative,Kitchen,1
598,Works really well and looks great. Good value for money. I would purchase it again.,Positive,Home Appliances,5
599,The product matches the description and is fairly average. It could be improved.,Neutral,Electronics,3
600,The product is neither very good nor very bad. I may consider other options next time.,Neutral,Beauty,2
601,"The product is comfortable, reliable, and worth the money. I am very satisfied.",Positive,Books,5
602,"The product is comfortable, reliable, and worth the money. I am very satisfied.",Positive,Furniture,5
603,I am satisfied with the quality and the overall experience. The delivery was also good.,Positive,Electronics,4
604,The product is neither very good nor very bad. The experience was acceptable.,Neutral,Sports,3
605,It arrived on time and appears to work normally. I may consider other options next time.,Neutral,Furniture,3
606,"Overall, the experience was okay. It is suitable for basic use.",Neutral,Furniture,3
607,Works really well and looks great. Good value for money. It is worth the price.,Positive,Kitchen,5
608,"It is a decent purchase, but I expected slightly more. The experience was acceptable.",Neutral,Mobile Accessories,3
609,The product stopped working after a few days. Not recommended. I would not purchase it again.,Negative,Sports,1
610,Waste of money. The product did not meet my expectations. The delivery was also disappointing.,Negative,Books,1
611,The product arrived damaged and did not work properly. The delivery was also disappointing.,Negative,Furniture,1
612,Works really well and looks great. Good value for money. I would purchase it again.,Positive,Home Appliances,4
613,I expected much better quality. This was a disappointing purchase. The delivery was also disappointing.,Negative,Books,1
614,The product is neither very good nor very bad. Delivery was normal.,Neutral,Mobile Accessories,2
615,The product is okay and works as expected. Delivery was normal.,Neutral,Sports,2
616,Poor experience. The item was faulty and difficult to use. It needs major improvement.,Negative,Sports,2
617,It arrived on time and appears to work normally. I may consider other options next time.,Neutral,Sports,2
618,The product is neither very good nor very bad. I may consider other options next time.,Neutral,Furniture,2
619,I absolutely love this product. The quality is excellent and it works perfectly. The delivery was also good.,Positive,Clothing,4
620,"The product is comfortable, reliable, and worth the money. Highly recommended.",Positive,Books,4
621,The product stopped working after a few days. Not recommended. I regret buying it.,Negative,Sports,2
622,"The product is comfortable, reliable, and worth the money. Highly recommended.",Positive,Home Appliances,4
623,"The features are useful, although the performance is average. The experience was acceptable.",Neutral,Sports,2
624,"It is a decent purchase, but I expected slightly more. Delivery was normal.",Neutral,Shoes,2
625,Very bad quality and definitely not worth the money. It needs major improvement.,Negative,Furniture,1
626,I would not recommend this product to anyone. It needs major improvement.,Negative,Books,2
627,Excellent quality and amazing performance. Highly recommended. I am very satisfied.,Positive,Books,5
628,"The product does its basic job, but there is room for improvement. The experience was acceptable.",Neutral,Mobile Accessories,3
629,"Overall, the experience was okay. Delivery was normal.",Neutral,Home Appliances,2
630,"The product is comfortable, reliable, and worth the money. Highly recommended.",Positive,Furniture,4
631,Excellent quality and amazing performance. Highly recommended. Highly recommended.,Positive,Home Appliances,5
632,The performance is poor and the product feels cheaply made. I regret buying it.,Negative,Mobile Accessories,1
633,The product stopped working after a few days. Not recommended. I regret buying it.,Negative,Clothing,1
634,The performance is poor and the product feels cheaply made. The delivery was also disappointing.,Negative,Beauty,2
635,I expected much better quality. This was a disappointing purchase. It needs major improvement.,Negative,Beauty,2
636,Fantastic product with good build quality and smooth performance. I would purchase it again.,Positive,Books,5
637,Very bad quality and definitely not worth the money. Customer support did not help much.,Negative,Mobile Accessories,1
638,Works really well and looks great. Good value for money. The delivery was also good.,Positive,Mobile Accessories,5
639,The product has several problems and does not work as advertised. The delivery was also disappointing.,Negative,Clothing,2
640,The product is neither very good nor very bad. Delivery was normal.,Neutral,Kitchen,2
641,The product is okay and works as expected. Delivery was normal.,Neutral,Sports,3
642,"Overall, the experience was okay. I may consider other options next time.",Neutral,Furniture,3
643,The product matches the description and is fairly average. Delivery was normal.,Neutral,Mobile Accessories,3
644,Very bad quality and definitely not worth the money. The delivery was also disappointing.,Negative,Electronics,2
645,I am satisfied with the quality and the overall experience. I am very satisfied.,Positive,Sports,4
646,The product is neither very good nor very bad. It could be improved.,Neutral,Sports,2
647,I expected much better quality. This was a disappointing purchase. Customer support did not help much.,Negative,Furniture,2
648,The product arrived quickly and was exactly as described. Highly recommended.,Positive,Clothing,4
649,Excellent quality and amazing performance. Highly recommended. I am very satisfied.,Positive,Beauty,4
650,The product is neither very good nor very bad. It is suitable for basic use.,Neutral,Sports,2
651,The product is okay and works as expected. I may consider other options next time.,Neutral,Home Appliances,2
652,Very happy with my purchase. The product feels durable and reliable. The delivery was also good.,Positive,Furniture,5
653,The product arrived damaged and did not work properly. The delivery was also disappointing.,Negative,Electronics,1
654,Very bad quality and definitely not worth the money. I would not purchase it again.,Negative,Home Appliances,1
655,The performance is poor and the product feels cheaply made. It needs major improvement.,Negative,Mobile Accessories,2
656,I would not recommend this product to anyone. It needs major improvement.,Negative,Electronics,2
657,"The features are useful, although the performance is average. Delivery was normal.",Neutral,Sports,2
658,Waste of money. The product did not meet my expectations. Customer support did not help much.,Negative,Home Appliances,2
659,I am satisfied with the quality and the overall experience. Highly recommended.,Positive,Home Appliances,5
660,The performance is poor and the product feels cheaply made. The delivery was also disappointing.,Negative,Mobile Accessories,2
661,Excellent quality and amazing performance. Highly recommended. I am very satisfied.,Positive,Books,4
662,The product has several problems and does not work as advertised. I would not purchase it again.,Negative,Home Appliances,1
663,I would not recommend this product to anyone. The delivery was also disappointing.,Negative,Mobile Accessories,2
664,Works really well and looks great. Good value for money. I am very satisfied.,Positive,Mobile Accessories,4
665,The product arrived quickly and was exactly as described. Highly recommended.,Positive,Mobile Accessories,5
666,The product has several problems and does not work as advertised. I regret buying it.,Negative,Sports,1
667,Poor experience. The item was faulty and difficult to use. I would not purchase it again.,Negative,Mobile Accessories,1
668,Very happy with my purchase. The product feels durable and reliable. I would purchase it again.,Positive,Kitchen,5
669,"It is a decent purchase, but I expected slightly more. It is suitable for basic use.",Neutral,Electronics,3
670,The product is okay and works as expected. It is suitable for basic use.,Neutral,Clothing,2
671,The product arrived damaged and did not work properly. It needs major improvement.,Negative,Mobile Accessories,2
672,The product matches the description and is fairly average. I may consider other options next time.,Neutral,Electronics,2
673,I am satisfied with the quality and the overall experience. Highly recommended.,Positive,Books,5
674,The product has several problems and does not work as advertised. The delivery was also disappointing.,Negative,Shoes,2
675,This product exceeded my expectations. I would definitely buy it again. The delivery was also good.,Positive,Kitchen,4
676,I am disappointed with this product. The quality is very poor. The delivery was also disappointing.,Negative,Electronics,2
677,It arrived on time and appears to work normally. It could be improved.,Neutral,Kitchen,3
678,Very happy with my purchase. The product feels durable and reliable. I am very satisfied.,Positive,Home Appliances,4
679,Waste of money. The product did not meet my expectations. Customer support did not help much.,Negative,Electronics,2
680,The product is neither very good nor very bad. I may consider other options next time.,Neutral,Kitchen,3
681,Very bad quality and definitely not worth the money. The delivery was also disappointing.,Negative,Books,1
682,Poor experience. The item was faulty and difficult to use. It needs major improvement.,Negative,Home Appliances,2
683,The product has several problems and does not work as advertised. I would not purchase it again.,Negative,Kitchen,2
684,"The product does its basic job, but there is room for improvement. Delivery was normal.",Neutral,Shoes,3
685,I absolutely love this product. The quality is excellent and it works perfectly. The delivery was also good.,Positive,Shoes,4
686,I am disappointed with this product. The quality is very poor. The delivery was also disappointing.,Negative,Furniture,2
687,"The features are useful, although the performance is average. It is suitable for basic use.",Neutral,Home Appliances,2
688,The product is neither very good nor very bad. I may consider other options next time.,Neutral,Kitchen,3
689,The quality is acceptable for the price. Delivery was normal.,Neutral,Home Appliances,3
690,"The features are useful, although the performance is average. The experience was acceptable.",Neutral,Furniture,3
691,The product stopped working after a few days. Not recommended. It needs major improvement.,Negative,Books,1
692,I am disappointed with this product. The quality is very poor. I regret buying it.,Negative,Clothing,2
693,The product is neither very good nor very bad. I may consider other options next time.,Neutral,Kitchen,3
694,"The product does its basic job, but there is room for improvement. It could be improved.",Neutral,Kitchen,3
695,The product has several problems and does not work as advertised. I regret buying it.,Negative,Shoes,2
696,The product has several problems and does not work as advertised. Customer support did not help much.,Negative,Kitchen,2
697,The product stopped working after a few days. Not recommended. Customer support did not help much.,Negative,Books,1
698,I am disappointed with this product. The quality is very poor. Customer support did not help much.,Negative,Sports,2
699,"Overall, the experience was okay. It is suitable for basic use.",Neutral,Books,2
700,It arrived on time and appears to work normally. The experience was acceptable.,Neutral,Home Appliances,3
701,Works really well and looks great. Good value for money. Highly recommended.,Positive,Beauty,4
702,"Overall, the experience was okay. I may consider other options next time.",Neutral,Beauty,2
703,The product arrived quickly and was exactly as described. It is worth the price.,Positive,Sports,5
704,I expected much better quality. This was a disappointing purchase. Customer support did not help much.,Negative,Furniture,1
705,"The product is comfortable, reliable, and worth the money. Highly recommended.",Positive,Mobile Accessories,5
706,The product arrived damaged and did not work properly. The delivery was also disappointing.,Negative,Electronics,2
707,I absolutely love this product. The quality is excellent and it works perfectly. It is worth the price.,Positive,Furniture,4
708,I am satisfied with the quality and the overall experience. I would purchase it again.,Positive,Kitchen,5
709,The product arrived quickly and was exactly as described. Highly recommended.,Positive,Electronics,4
710,I expected much better quality. This was a disappointing purchase. The delivery was also disappointing.,Negative,Electronics,1
711,The product is okay and works as expected. It could be improved.,Neutral,Mobile Accessories,3
712,The product is okay and works as expected. I may consider other options next time.,Neutral,Clothing,3
713,Very happy with my purchase. The product feels durable and reliable. Highly recommended.,Positive,Shoes,5
714,"The features are useful, although the performance is average. It could be improved.",Neutral,Furniture,2
715,The product stopped working after a few days. Not recommended. It needs major improvement.,Negative,Home Appliances,2
716,The product matches the description and is fairly average. Delivery was normal.,Neutral,Beauty,3
717,I am disappointed with this product. The quality is very poor. The delivery was also disappointing.,Negative,Mobile Accessories,2
718,I am satisfied with the quality and the overall experience. I am very satisfied.,Positive,Clothing,4
719,Very happy with my purchase. The product feels durable and reliable. Highly recommended.,Positive,Furniture,4
720,"The product does its basic job, but there is room for improvement. It is suitable for basic use.",Neutral,Home Appliances,2
721,"It is a decent purchase, but I expected slightly more. It could be improved.",Neutral,Shoes,3
722,It is an average product. Nothing particularly impressive. It could be improved.,Neutral,Kitchen,2
723,The product stopped working after a few days. Not recommended. I regret buying it.,Negative,Beauty,1
724,Works really well and looks great. Good value for money. It is worth the price.,Positive,Kitchen,4
725,"The product does its basic job, but there is room for improvement. The experience was acceptable.",Neutral,Sports,3
726,The quality is acceptable for the price. I may consider other options next time.,Neutral,Books,2
727,Very happy with my purchase. The product feels durable and reliable. The delivery was also good.,Positive,Books,4
728,"Overall, the experience was okay. I may consider other options next time.",Neutral,Clothing,3
729,The product stopped working after a few days. Not recommended. The delivery was also disappointing.,Negative,Furniture,2
730,I am satisfied with the quality and the overall experience. Highly recommended.,Positive,Mobile Accessories,5
731,I am disappointed with this product. The quality is very poor. Customer support did not help much.,Negative,Beauty,1
732,"The product does its basic job, but there is room for improvement. I may consider other options next time.",Neutral,Clothing,2
733,This product exceeded my expectations. I would definitely buy it again. Highly recommended.,Positive,Sports,5
734,The product stopped working after a few days. Not recommended. It needs major improvement.,Negative,Mobile Accessories,1
735,It is an average product. Nothing particularly impressive. It is suitable for basic use.,Neutral,Sports,3
736,The product arrived damaged and did not work properly. It needs major improvement.,Negative,Home Appliances,2
737,Very happy with my purchase. The product feels durable and reliable. The delivery was also good.,Positive,Shoes,5
738,This product exceeded my expectations. I would definitely buy it again. It is worth the price.,Positive,Kitchen,5
739,The product is neither very good nor very bad. It is suitable for basic use.,Neutral,Beauty,3
740,I expected much better quality. This was a disappointing purchase. It needs major improvement.,Negative,Sports,2
741,I absolutely love this product. The quality is excellent and it works perfectly. Highly recommended.,Positive,Clothing,4
742,"Overall, the experience was okay. It is suitable for basic use.",Neutral,Books,2
743,This product exceeded my expectations. I would definitely buy it again. I would purchase it again.,Positive,Shoes,5
744,The product is okay and works as expected. It is suitable for basic use.,Neutral,Home Appliances,2
745,The product arrived damaged and did not work properly. The delivery was also disappointing.,Negative,Books,2
746,"The product is comfortable, reliable, and worth the money. I would purchase it again.",Positive,Books,4
747,The quality is acceptable for the price. It is suitable for basic use.,Neutral,Home Appliances,2
748,The product arrived damaged and did not work properly. I would not purchase it again.,Negative,Books,1
749,The product is neither very good nor very bad. I may consider other options next time.,Neutral,Home Appliances,3
750,Fantastic product with good build quality and smooth performance. I would purchase it again.,Positive,Beauty,5
751,I expected much better quality. This was a disappointing purchase. The delivery was also disappointing.,Negative,Sports,1
752,"The product is comfortable, reliable, and worth the money. It is worth the price.",Positive,Sports,5
753,"Overall, the experience was okay. Delivery was normal.",Neutral,Mobile Accessories,3
754,"The features are useful, although the performance is average. I may consider other options next time.",Neutral,Kitchen,3
755,I am satisfied with the quality and the overall experience. It is worth the price.,Positive,Electronics,5
756,The product stopped working after a few days. Not recommended. It needs major improvement.,Negative,Shoes,1
757,The product arrived quickly and was exactly as described. I am very satisfied.,Positive,Shoes,5
758,Excellent quality and amazing performance. Highly recommended. Highly recommended.,Positive,Books,4
759,The performance is poor and the product feels cheaply made. The delivery was also disappointing.,Negative,Books,1
760,The product arrived quickly and was exactly as described. I would purchase it again.,Positive,Beauty,4
761,"Overall, the experience was okay. It could be improved.",Neutral,Shoes,3
762,Poor experience. The item was faulty and difficult to use. I would not purchase it again.,Negative,Beauty,1
763,Works really well and looks great. Good value for money. Highly recommended.,Positive,Mobile Accessories,5
764,I expected much better quality. This was a disappointing purchase. It needs major improvement.,Negative,Home Appliances,1
765,I would not recommend this product to anyone. I regret buying it.,Negative,Kitchen,2
766,This product exceeded my expectations. I would definitely buy it again. The delivery was also good.,Positive,Sports,5
767,Waste of money. The product did not meet my expectations. It needs major improvement.,Negative,Books,2
768,The performance is poor and the product feels cheaply made. It needs major improvement.,Negative,Kitchen,1
769,The product stopped working after a few days. Not recommended. I regret buying it.,Negative,Home Appliances,2
770,Poor experience. The item was faulty and difficult to use. I regret buying it.,Negative,Sports,1
771,"The features are useful, although the performance is average. It is suitable for basic use.",Neutral,Kitchen,2
772,I am satisfied with the quality and the overall experience. It is worth the price.,Positive,Sports,5
773,The product has several problems and does not work as advertised. I would not purchase it again.,Negative,Clothing,2
774,"It is a decent purchase, but I expected slightly more. I may consider other options next time.",Neutral,Furniture,2
775,"The product is comfortable, reliable, and worth the money. It is worth the price.",Positive,Mobile Accessories,5
776,Great product for the price. Very useful and easy to use. It is worth the price.,Positive,Mobile Accessories,4
777,"It is a decent purchase, but I expected slightly more. It could be improved.",Neutral,Mobile Accessories,2
778,The product stopped working after a few days. Not recommended. Customer support did not help much.,Negative,Books,1
779,I absolutely love this product. The quality is excellent and it works perfectly. The delivery was also good.,Positive,Sports,5
780,Fantastic product with good build quality and smooth performance. The delivery was also good.,Positive,Kitchen,4
781,Works really well and looks great. Good value for money. The delivery was also good.,Positive,Furniture,5
782,The quality is acceptable for the price. The experience was acceptable.,Neutral,Books,3
783,I would not recommend this product to anyone. The delivery was also disappointing.,Negative,Clothing,1
784,Great product for the price. Very useful and easy to use. I am very satisfied.,Positive,Mobile Accessories,4
785,"It is a decent purchase, but I expected slightly more. The experience was acceptable.",Neutral,Beauty,2
786,The product arrived quickly and was exactly as described. Highly recommended.,Positive,Clothing,4
787,Poor experience. The item was faulty and difficult to use. I regret buying it.,Negative,Electronics,1
788,I would not recommend this product to anyone. I would not purchase it again.,Negative,Beauty,2
789,The performance is poor and the product feels cheaply made. The delivery was also disappointing.,Negative,Books,1
790,"The product does its basic job, but there is room for improvement. Delivery was normal.",Neutral,Electronics,2
791,The product arrived damaged and did not work properly. I regret buying it.,Negative,Kitchen,2
792,I absolutely love this product. The quality is excellent and it works perfectly. The delivery was also good.,Positive,Clothing,4
793,I am satisfied with the quality and the overall experience. Highly recommended.,Positive,Beauty,5
794,I am satisfied with the quality and the overall experience. I would purchase it again.,Positive,Beauty,5
795,The product is okay and works as expected. Delivery was normal.,Neutral,Beauty,3
796,It is an average product. Nothing particularly impressive. Delivery was normal.,Neutral,Sports,2
797,Waste of money. The product did not meet my expectations. The delivery was also disappointing.,Negative,Kitchen,1
798,The product is neither very good nor very bad. It could be improved.,Neutral,Sports,3
799,The performance is poor and the product feels cheaply made. Customer support did not help much.,Negative,Beauty,2
800,The product arrived damaged and did not work properly. It needs major improvement.,Negative,Kitchen,1
801,This product exceeded my expectations. I would definitely buy it again. Highly recommended.,Positive,Books,4
802,The product arrived damaged and did not work properly. I would not purchase it again.,Negative,Mobile Accessories,2
803,It is an average product. Nothing particularly impressive. It could be improved.,Neutral,Shoes,3
804,Fantastic product with good build quality and smooth performance. It is worth the price.,Positive,Mobile Accessories,4
805,It arrived on time and appears to work normally. It is suitable for basic use.,Neutral,Sports,3
806,The product stopped working after a few days. Not recommended. I regret buying it.,Negative,Sports,1
807,The product matches the description and is fairly average. I may consider other options next time.,Neutral,Furniture,2
808,Fantastic product with good build quality and smooth performance. I would purchase it again.,Positive,Kitchen,4
809,"It is a decent purchase, but I expected slightly more. It could be improved.",Neutral,Sports,3
810,I am satisfied with the quality and the overall experience. The delivery was also good.,Positive,Furniture,5
811,I absolutely love this product. The quality is excellent and it works perfectly. I would purchase it again.,Positive,Clothing,4
812,The product stopped working after a few days. Not recommended. I would not purchase it again.,Negative,Home Appliances,2
813,Waste of money. The product did not meet my expectations. Customer support did not help much.,Negative,Furniture,1
814,The product is okay and works as expected. It could be improved.,Neutral,Shoes,2
815,"It is a decent purchase, but I expected slightly more. It is suitable for basic use.",Neutral,Home Appliances,2
816,I would not recommend this product to anyone. I regret buying it.,Negative,Electronics,1
817,Poor experience. The item was faulty and difficult to use. The delivery was also disappointing.,Negative,Mobile Accessories,1
818,I am satisfied with the quality and the overall experience. I am very satisfied.,Positive,Mobile Accessories,5
819,The product has several problems and does not work as advertised. I regret buying it.,Negative,Mobile Accessories,1
820,I am satisfied with the quality and the overall experience. The delivery was also good.,Positive,Home Appliances,5
821,Very bad quality and definitely not worth the money. It needs major improvement.,Negative,Kitchen,2
822,Excellent quality and amazing performance. Highly recommended. I would purchase it again.,Positive,Mobile Accessories,5
823,Poor experience. The item was faulty and difficult to use. It needs major improvement.,Negative,Electronics,1
824,Great product for the price. Very useful and easy to use. It is worth the price.,Positive,Mobile Accessories,4
825,I am disappointed with this product. The quality is very poor. Customer support did not help much.,Negative,Kitchen,2
826,The product is neither very good nor very bad. The experience was acceptable.,Neutral,Home Appliances,3
827,The product arrived damaged and did not work properly. I regret buying it.,Negative,Shoes,1
828,"The product does its basic job, but there is room for improvement. It could be improved.",Neutral,Shoes,2
829,It arrived on time and appears to work normally. I may consider other options next time.,Neutral,Home Appliances,2
830,The product matches the description and is fairly average. The experience was acceptable.,Neutral,Home Appliances,2
831,I would not recommend this product to anyone. Customer support did not help much.,Negative,Kitchen,1
832,It is an average product. Nothing particularly impressive. Delivery was normal.,Neutral,Home Appliances,3
833,Very happy with my purchase. The product feels durable and reliable. Highly recommended.,Positive,Clothing,4
834,"Overall, the experience was okay. The experience was acceptable.",Neutral,Beauty,2
835,This product exceeded my expectations. I would definitely buy it again. Highly recommended.,Positive,Furniture,4
836,I am satisfied with the quality and the overall experience. It is worth the price.,Positive,Home Appliances,4
837,"The product is comfortable, reliable, and worth the money. The delivery was also good.",Positive,Clothing,5
838,The product stopped working after a few days. Not recommended. I would not purchase it again.,Negative,Furniture,2
839,Poor experience. The item was faulty and difficult to use. Customer support did not help much.,Negative,Kitchen,2
840,I expected much better quality. This was a disappointing purchase. Customer support did not help much.,Negative,Shoes,1
841,The product stopped working after a few days. Not recommended. I would not purchase it again.,Negative,Furniture,1
842,I would not recommend this product to anyone. I regret buying it.,Negative,Kitchen,1
843,I expected much better quality. This was a disappointing purchase. It needs major improvement.,Negative,Shoes,2
844,I am disappointed with this product. The quality is very poor. I regret buying it.,Negative,Clothing,1
845,Excellent quality and amazing performance. Highly recommended. Highly recommended.,Positive,Kitchen,4
846,The product arrived quickly and was exactly as described. I would purchase it again.,Positive,Electronics,4
847,I expected much better quality. This was a disappointing purchase. The delivery was also disappointing.,Negative,Mobile Accessories,1
848,It arrived on time and appears to work normally. I may consider other options next time.,Neutral,Beauty,3
849,The product stopped working after a few days. Not recommended. The delivery was also disappointing.,Negative,Kitchen,2
850,The product is neither very good nor very bad. The experience was acceptable.,Neutral,Electronics,2
851,The quality is acceptable for the price. Delivery was normal.,Neutral,Shoes,3
852,"It is a decent purchase, but I expected slightly more. I may consider other options next time.",Neutral,Kitchen,2
853,Poor experience. The item was faulty and difficult to use. I would not purchase it again.,Negative,Clothing,1
854,The performance is poor and the product feels cheaply made. I regret buying it.,Negative,Books,1
855,The product is neither very good nor very bad. I may consider other options next time.,Neutral,Kitchen,2
856,Very happy with my purchase. The product feels durable and reliable. I would purchase it again.,Positive,Kitchen,5
857,The quality is acceptable for the price. It could be improved.,Neutral,Books,3
858,"The product does its basic job, but there is room for improvement. It could be improved.",Neutral,Beauty,3
859,I am disappointed with this product. The quality is very poor. Customer support did not help much.,Negative,Beauty,1
860,Very bad quality and definitely not worth the money. It needs major improvement.,Negative,Shoes,1
861,The performance is poor and the product feels cheaply made. I regret buying it.,Negative,Kitchen,1
862,This product exceeded my expectations. I would definitely buy it again. Highly recommended.,Positive,Books,4
863,I am satisfied with the quality and the overall experience. I am very satisfied.,Positive,Mobile Accessories,5
864,I am satisfied with the quality and the overall experience. The delivery was also good.,Positive,Furniture,4
865,The product arrived quickly and was exactly as described. I would purchase it again.,Positive,Furniture,4
866,Waste of money. The product did not meet my expectations. The delivery was also disappointing.,Negative,Electronics,1
867,This product exceeded my expectations. I would definitely buy it again. The delivery was also good.,Positive,Sports,5
868,I expected much better quality. This was a disappointing purchase. Customer support did not help much.,Negative,Sports,2
869,The product arrived damaged and did not work properly. The delivery was also disappointing.,Negative,Electronics,1
870,The product stopped working after a few days. Not recommended. I regret buying it.,Negative,Electronics,1
871,I absolutely love this product. The quality is excellent and it works perfectly. The delivery was also good.,Positive,Kitchen,5
872,Works really well and looks great. Good value for money. I would purchase it again.,Positive,Sports,5
873,Great product for the price. Very useful and easy to use. I would purchase it again.,Positive,Clothing,5
874,I am disappointed with this product. The quality is very poor. I would not purchase it again.,Negative,Home Appliances,2
875,Fantastic product with good build quality and smooth performance. I am very satisfied.,Positive,Books,5
876,Works really well and looks great. Good value for money. Highly recommended.,Positive,Shoes,5
877,"It is a decent purchase, but I expected slightly more. It is suitable for basic use.",Neutral,Beauty,3
878,The performance is poor and the product feels cheaply made. Customer support did not help much.,Negative,Beauty,2
879,"The product does its basic job, but there is room for improvement. Delivery was normal.",Neutral,Furniture,3
880,Very happy with my purchase. The product feels durable and reliable. It is worth the price.,Positive,Beauty,5
881,I expected much better quality. This was a disappointing purchase. The delivery was also disappointing.,Negative,Home Appliances,1
882,It is an average product. Nothing particularly impressive. It could be improved.,Neutral,Electronics,3
883,"The features are useful, although the performance is average. Delivery was normal.",Neutral,Books,3
884,The product matches the description and is fairly average. It could be improved.,Neutral,Clothing,3
885,This product exceeded my expectations. I would definitely buy it again. Highly recommended.,Positive,Kitchen,4
886,I am disappointed with this product. The quality is very poor. It needs major improvement.,Negative,Clothing,2
887,The product is okay and works as expected. I may consider other options next time.,Neutral,Electronics,2
888,I am disappointed with this product. The quality is very poor. I regret buying it.,Negative,Clothing,1
889,The product arrived quickly and was exactly as described. Highly recommended.,Positive,Sports,4
890,The product matches the description and is fairly average. The experience was acceptable.,Neutral,Kitchen,2
891,It arrived on time and appears to work normally. Delivery was normal.,Neutral,Shoes,2
892,I am disappointed with this product. The quality is very poor. The delivery was also disappointing.,Negative,Home Appliances,1
893,The product is neither very good nor very bad. It could be improved.,Neutral,Mobile Accessories,2
894,I am satisfied with the quality and the overall experience. Highly recommended.,Positive,Furniture,4
895,The quality is acceptable for the price. It is suitable for basic use.,Neutral,Home Appliances,2
896,The product stopped working after a few days. Not recommended. I would not purchase it again.,Negative,Mobile Accessories,1
897,I am satisfied with the quality and the overall experience. I would purchase it again.,Positive,Shoes,4
898,The product is okay and works as expected. Delivery was normal.,Neutral,Home Appliances,2
899,"The product is comfortable, reliable, and worth the money. I would purchase it again.",Positive,Furniture,5
900,Great product for the price. Very useful and easy to use. I am very satisfied.,Positive,Home Appliances,5
901,I am satisfied with the quality and the overall experience. The delivery was also good.,Positive,Furniture,5
902,Very happy with my purchase. The product feels durable and reliable. It is worth the price.,Positive,Clothing,4
903,The product stopped working after a few days. Not recommended. I would not purchase it again.,Negative,Clothing,2
904,Very happy with my purchase. The product feels durable and reliable. It is worth the price.,Positive,Clothing,4
905,It arrived on time and appears to work normally. The experience was acceptable.,Neutral,Mobile Accessories,2
906,The quality is acceptable for the price. Delivery was normal.,Neutral,Home Appliances,2
907,Excellent quality and amazing performance. Highly recommended. I would purchase it again.,Positive,Clothing,4
908,The product is neither very good nor very bad. Delivery was normal.,Neutral,Sports,2
909,This product exceeded my expectations. I would definitely buy it again. The delivery was also good.,Positive,Sports,4
910,I am satisfied with the quality and the overall experience. It is worth the price.,Positive,Furniture,5
911,Very bad quality and definitely not worth the money. The delivery was also disappointing.,Negative,Books,2
912,The product arrived damaged and did not work properly. It needs major improvement.,Negative,Electronics,1
913,The product has several problems and does not work as advertised. The delivery was also disappointing.,Negative,Kitchen,1
914,"Overall, the experience was okay. I may consider other options next time.",Neutral,Furniture,2
915,Excellent quality and amazing performance. Highly recommended. Highly recommended.,Positive,Mobile Accessories,4
916,It is an average product. Nothing particularly impressive. It could be improved.,Neutral,Beauty,3
917,Very bad quality and definitely not worth the money. It needs major improvement.,Negative,Clothing,1
918,Waste of money. The product did not meet my expectations. The delivery was also disappointing.,Negative,Furniture,1
919,"It is a decent purchase, but I expected slightly more. Delivery was normal.",Neutral,Shoes,3
920,"The product is comfortable, reliable, and worth the money. It is worth the price.",Positive,Beauty,4
921,I am disappointed with this product. The quality is very poor. It needs major improvement.,Negative,Beauty,2
922,Fantastic product with good build quality and smooth performance. I would purchase it again.,Positive,Electronics,5
923,The product has several problems and does not work as advertised. I regret buying it.,Negative,Furniture,1
924,The product arrived quickly and was exactly as described. I am very satisfied.,Positive,Kitchen,5
925,I am disappointed with this product. The quality is very poor. It needs major improvement.,Negative,Mobile Accessories,1
926,"Overall, the experience was okay. The experience was acceptable.",Neutral,Sports,2
927,"Overall, the experience was okay. It is suitable for basic use.",Neutral,Mobile Accessories,3
928,"The product does its basic job, but there is room for improvement. Delivery was normal.",Neutral,Electronics,2
929,I absolutely love this product. The quality is excellent and it works perfectly. The delivery was also good.,Positive,Mobile Accessories,4
930,The product arrived damaged and did not work properly. I regret buying it.,Negative,Beauty,2
931,"The product is comfortable, reliable, and worth the money. I would purchase it again.",Positive,Beauty,5
932,It is an average product. Nothing particularly impressive. The experience was acceptable.,Neutral,Beauty,3
933,It arrived on time and appears to work normally. I may consider other options next time.,Neutral,Furniture,2
934,"The product does its basic job, but there is room for improvement. The experience was acceptable.",Neutral,Books,2
935,I would not recommend this product to anyone. It needs major improvement.,Negative,Mobile Accessories,1
936,The product matches the description and is fairly average. Delivery was normal.,Neutral,Books,3
937,The product is okay and works as expected. It could be improved.,Neutral,Beauty,2
938,"The product does its basic job, but there is room for improvement. It could be improved.",Neutral,Furniture,3
939,"Overall, the experience was okay. The experience was acceptable.",Neutral,Shoes,2
940,It arrived on time and appears to work normally. The experience was acceptable.,Neutral,Sports,3
941,The performance is poor and the product feels cheaply made. Customer support did not help much.,Negative,Beauty,1
942,The product arrived quickly and was exactly as described. I would purchase it again.,Positive,Electronics,5
943,The product matches the description and is fairly average. I may consider other options next time.,Neutral,Clothing,2
944,The product arrived quickly and was exactly as described. Highly recommended.,Positive,Mobile Accessories,5
945,"The product is comfortable, reliable, and worth the money. It is worth the price.",Positive,Clothing,5
946,It is an average product. Nothing particularly impressive. It could be improved.,Neutral,Mobile Accessories,2
947,The product arrived quickly and was exactly as described. Highly recommended.,Positive,Clothing,4
948,The product stopped working after a few days. Not recommended. Customer support did not help much.,Negative,Kitchen,1
949,"It is a decent purchase, but I expected slightly more. I may consider other options next time.",Neutral,Kitchen,3
950,It is an average product. Nothing particularly impressive. It is suitable for basic use.,Neutral,Sports,2
951,It arrived on time and appears to work normally. Delivery was normal.,Neutral,Kitchen,2
952,"Overall, the experience was okay. It is suitable for basic use.",Neutral,Books,2
953,Great product for the price. Very useful and easy to use. It is worth the price.,Positive,Electronics,5
954,I am disappointed with this product. The quality is very poor. It needs major improvement.,Negative,Shoes,2
955,"It is a decent purchase, but I expected slightly more. The experience was acceptable.",Neutral,Books,3
956,"The product is comfortable, reliable, and worth the money. It is worth the price.",Positive,Kitchen,5
957,It is an average product. Nothing particularly impressive. The experience was acceptable.,Neutral,Furniture,3
958,Waste of money. The product did not meet my expectations. I would not purchase it again.,Negative,Beauty,1
959,Works really well and looks great. Good value for money. Highly recommended.,Positive,Kitchen,4
960,Waste of money. The product did not meet my expectations. The delivery was also disappointing.,Negative,Kitchen,2
961,Fantastic product with good build quality and smooth performance. Highly recommended.,Positive,Furniture,5
962,It is an average product. Nothing particularly impressive. It could be improved.,Neutral,Sports,2
963,Great product for the price. Very useful and easy to use. The delivery was also good.,Positive,Mobile Accessories,5
964,The product arrived damaged and did not work properly. The delivery was also disappointing.,Negative,Kitchen,1
965,Very bad quality and definitely not worth the money. I regret buying it.,Negative,Beauty,2
966,"The product does its basic job, but there is room for improvement. It could be improved.",Neutral,Kitchen,3
967,I would not recommend this product to anyone. The delivery was also disappointing.,Negative,Books,1
968,This product exceeded my expectations. I would definitely buy it again. The delivery was also good.,Positive,Shoes,5
969,"Overall, the experience was okay. Delivery was normal.",Neutral,Shoes,2
970,"The product does its basic job, but there is room for improvement. It could be improved.",Neutral,Shoes,2
971,The performance is poor and the product feels cheaply made. The delivery was also disappointing.,Negative,Kitchen,2
972,The product is neither very good nor very bad. Delivery was normal.,Neutral,Shoes,2
973,This product exceeded my expectations. I would definitely buy it again. Highly recommended.,Positive,Electronics,4
974,The product matches the description and is fairly average. I may consider other options next time.,Neutral,Kitchen,2
975,I expected much better quality. This was a disappointing purchase. I would not purchase it again.,Negative,Furniture,1
976,I expected much better quality. This was a disappointing purchase. Customer support did not help much.,Negative,Mobile Accessories,1
977,I would not recommend this product to anyone. The delivery was also disappointing.,Negative,Home Appliances,2
978,The product stopped working after a few days. Not recommended. It needs major improvement.,Negative,Beauty,1
979,Poor experience. The item was faulty and difficult to use. I would not purchase it again.,Negative,Shoes,1
980,Great product for the price. Very useful and easy to use. It is worth the price.,Positive,Shoes,5
981,Works really well and looks great. Good value for money. I would purchase it again.,Positive,Shoes,4
982,The product stopped working after a few days. Not recommended. Customer support did not help much.,Negative,Books,1
983,The product arrived damaged and did not work properly. I would not purchase it again.,Negative,Kitchen,1
984,I absolutely love this product. The quality is excellent and it works perfectly. Highly recommended.,Positive,Kitchen,5
985,I am disappointed with this product. The quality is very poor. I regret buying it.,Negative,Kitchen,1
986,I am disappointed with this product. The quality is very poor. Customer support did not help much.,Negative,Sports,2
987,Waste of money. The product did not meet my expectations. It needs major improvement.,Negative,Mobile Accessories,1
988,Works really well and looks great. Good value for money. I am very satisfied.,Positive,Furniture,5
989,I absolutely love this product. The quality is excellent and it works perfectly. Highly recommended.,Positive,Clothing,5
990,Waste of money. The product did not meet my expectations. I regret buying it.,Negative,Mobile Accessories,1
991,The product arrived damaged and did not work properly. It needs major improvement.,Negative,Electronics,2
992,Fantastic product with good build quality and smooth performance. It is worth the price.,Positive,Kitchen,4
993,"It is a decent purchase, but I expected slightly more. It could be improved.",Neutral,Shoes,2
994,I expected much better quality. This was a disappointing purchase. It needs major improvement.,Negative,Furniture,1
995,The product stopped working after a few days. Not recommended. The delivery was also disappointing.,Negative,Electronics,2
996,I am satisfied with the quality and the overall experience. It is worth the price.,Positive,Furniture,4
997,The product arrived quickly and was exactly as described. The delivery was also good.,Positive,Shoes,5
998,The product matches the description and is fairly average. I may consider other options next time.,Neutral,Books,2
999,"The product does its basic job, but there is room for improvement. The experience was acceptable.",Neutral,Furniture,2
1000,The product is neither very good nor very bad. It could be improved.,Neutral,Electronics,2
1001,Waste of money. The product did not meet my expectations. The delivery was also disappointing.,Negative,Home Appliances,2
1002,This product exceeded my expectations. I would definitely buy it again. I would purchase it again.,Positive,Shoes,4
1003,It arrived on time and appears to work normally. It is suitable for basic use.,Neutral,Sports,2
1004,This product exceeded my expectations. I would definitely buy it again. I would purchase it again.,Positive,Beauty,4
1005,I absolutely love this product. The quality is excellent and it works perfectly. I am very satisfied.,Positive,Shoes,4
1006,The performance is poor and the product feels cheaply made. I would not purchase it again.,Negative,Beauty,2
1007,Very bad quality and definitely not worth the money. I would not purchase it again.,Negative,Mobile Accessories,2
1008,Great product for the price. Very useful and easy to use. It is worth the price.,Positive,Mobile Accessories,5
1009,The product has several problems and does not work as advertised. The delivery was also disappointing.,Negative,Kitchen,2
1010,The product arrived quickly and was exactly as described. The delivery was also good.,Positive,Electronics,4
1011,The product matches the description and is fairly average. It is suitable for basic use.,Neutral,Clothing,2
1012,The product stopped working after a few days. Not recommended. Customer support did not help much.,Negative,Electronics,1
1013,Great product for the price. Very useful and easy to use. It is worth the price.,Positive,Furniture,5
1014,"The product does its basic job, but there is room for improvement. It is suitable for basic use.",Neutral,Home Appliances,3
1015,The product stopped working after a few days. Not recommended. It needs major improvement.,Negative,Kitchen,1
1016,It arrived on time and appears to work normally. The experience was acceptable.,Neutral,Books,3
1017,The product arrived quickly and was exactly as described. It is worth the price.,Positive,Shoes,5
1018,It is an average product. Nothing particularly impressive. It could be improved.,Neutral,Beauty,2
1019,Great product for the price. Very useful and easy to use. Highly recommended.,Positive,Shoes,5
1020,"The features are useful, although the performance is average. Delivery was normal.",Neutral,Clothing,3
1021,It is an average product. Nothing particularly impressive. Delivery was normal.,Neutral,Shoes,2
1022,The quality is acceptable for the price. It is suitable for basic use.,Neutral,Shoes,2
1023,Works really well and looks great. Good value for money. It is worth the price.,Positive,Sports,4
1024,The product arrived damaged and did not work properly. I regret buying it.,Negative,Books,2
1025,I would not recommend this product to anyone. I regret buying it.,Negative,Sports,1
1026,Very happy with my purchase. The product feels durable and reliable. The delivery was also good.,Positive,Mobile Accessories,5
1027,I absolutely love this product. The quality is excellent and it works perfectly. It is worth the price.,Positive,Home Appliances,4
1028,This product exceeded my expectations. I would definitely buy it again. Highly recommended.,Positive,Books,5
1029,Very happy with my purchase. The product feels durable and reliable. It is worth the price.,Positive,Kitchen,5
1030,It is an average product. Nothing particularly impressive. I may consider other options next time.,Neutral,Clothing,2
1031,The performance is poor and the product feels cheaply made. Customer support did not help much.,Negative,Kitchen,2
1032,Very bad quality and definitely not worth the money. It needs major improvement.,Negative,Furniture,2
1033,The product is neither very good nor very bad. It could be improved.,Neutral,Mobile Accessories,2
1034,I am satisfied with the quality and the overall experience. I am very satisfied.,Positive,Beauty,4
1035,It is an average product. Nothing particularly impressive. I may consider other options next time.,Neutral,Beauty,2
1036,"The product does its basic job, but there is room for improvement. It could be improved.",Neutral,Shoes,3
1037,Great product for the price. Very useful and easy to use. I am very satisfied.,Positive,Books,4
1038,Poor experience. The item was faulty and difficult to use. It needs major improvement.,Negative,Home Appliances,2
1039,Works really well and looks great. Good value for money. Highly recommended.,Positive,Kitchen,5
1040,The product has several problems and does not work as advertised. It needs major improvement.,Negative,Electronics,2
1041,Waste of money. The product did not meet my expectations. I would not purchase it again.,Negative,Kitchen,1
1042,The product arrived damaged and did not work properly. It needs major improvement.,Negative,Home Appliances,2
1043,I expected much better quality. This was a disappointing purchase. Customer support did not help much.,Negative,Home Appliances,2
1044,I am satisfied with the quality and the overall experience. Highly recommended.,Positive,Kitchen,4
1045,The product arrived damaged and did not work properly. It needs major improvement.,Negative,Books,1
1046,"Overall, the experience was okay. I may consider other options next time.",Neutral,Home Appliances,2
1047,"The features are useful, although the performance is average. It is suitable for basic use.",Neutral,Shoes,2
1048,The product arrived quickly and was exactly as described. It is worth the price.,Positive,Kitchen,5
1049,"It is a decent purchase, but I expected slightly more. I may consider other options next time.",Neutral,Electronics,2
1050,"It is a decent purchase, but I expected slightly more. Delivery was normal.",Neutral,Shoes,2
1051,The product arrived damaged and did not work properly. Customer support did not help much.,Negative,Kitchen,1
1052,The quality is acceptable for the price. It is suitable for basic use.,Neutral,Sports,3
1053,"The product does its basic job, but there is room for improvement. Delivery was normal.",Neutral,Electronics,3
1054,The product is okay and works as expected. It could be improved.,Neutral,Kitchen,2
1055,The product has several problems and does not work as advertised. The delivery was also disappointing.,Negative,Kitchen,1
1056,The product arrived damaged and did not work properly. Customer support did not help much.,Negative,Home Appliances,1
1057,"Overall, the experience was okay. The experience was acceptable.",Neutral,Electronics,3
1058,The product arrived damaged and did not work properly. Customer support did not help much.,Negative,Furniture,1
1059,I am satisfied with the quality and the overall experience. It is worth the price.,Positive,Books,5
1060,The product has several problems and does not work as advertised. The delivery was also disappointing.,Negative,Sports,1
1061,I would not recommend this product to anyone. I would not purchase it again.,Negative,Mobile Accessories,1
1062,It arrived on time and appears to work normally. The experience was acceptable.,Neutral,Home Appliances,2
1063,Great product for the price. Very useful and easy to use. The delivery was also good.,Positive,Furniture,5
1064,Very happy with my purchase. The product feels durable and reliable. I would purchase it again.,Positive,Books,4
1065,It is an average product. Nothing particularly impressive. The experience was acceptable.,Neutral,Books,2
1066,It arrived on time and appears to work normally. It is suitable for basic use.,Neutral,Shoes,2
1067,The product is neither very good nor very bad. It is suitable for basic use.,Neutral,Clothing,2
1068,Very bad quality and definitely not worth the money. The delivery was also disappointing.,Negative,Books,2
1069,I am disappointed with this product. The quality is very poor. I would not purchase it again.,Negative,Furniture,1
1070,It is an average product. Nothing particularly impressive. It is suitable for basic use.,Neutral,Books,2
1071,Very happy with my purchase. The product feels durable and reliable. The delivery was also good.,Positive,Electronics,5
1072,The product has several problems and does not work as advertised. The delivery was also disappointing.,Negative,Home Appliances,1
1073,I absolutely love this product. The quality is excellent and it works perfectly. It is worth the price.,Positive,Beauty,5
1074,The product is neither very good nor very bad. It could be improved.,Neutral,Electronics,2
1075,I am satisfied with the quality and the overall experience. I would purchase it again.,Positive,Sports,5
1076,It is an average product. Nothing particularly impressive. It is suitable for basic use.,Neutral,Clothing,3
1077,"It is a decent purchase, but I expected slightly more. I may consider other options next time.",Neutral,Books,2
1078,The product arrived quickly and was exactly as described. The delivery was also good.,Positive,Beauty,4
1079,Very bad quality and definitely not worth the money. The delivery was also disappointing.,Negative,Beauty,1
1080,I absolutely love this product. The quality is excellent and it works perfectly. It is worth the price.,Positive,Kitchen,5
1081,Works really well and looks great. Good value for money. Highly recommended.,Positive,Electronics,5
1082,It arrived on time and appears to work normally. It could be improved.,Neutral,Mobile Accessories,2
1083,It is an average product. Nothing particularly impressive. Delivery was normal.,Neutral,Sports,2
1084,Excellent quality and amazing performance. Highly recommended. The delivery was also good.,Positive,Clothing,4
1085,Great product for the price. Very useful and easy to use. It is worth the price.,Positive,Home Appliances,5
1086,"Overall, the experience was okay. The experience was acceptable.",Neutral,Books,3
1087,I would not recommend this product to anyone. I regret buying it.,Negative,Mobile Accessories,2
1088,I would not recommend this product to anyone. Customer support did not help much.,Negative,Sports,2
1089,It is an average product. Nothing particularly impressive. Delivery was normal.,Neutral,Home Appliances,3
1090,"The product does its basic job, but there is room for improvement. Delivery was normal.",Neutral,Clothing,3
1091,This product exceeded my expectations. I would definitely buy it again. The delivery was also good.,Positive,Furniture,4
1092,I am satisfied with the quality and the overall experience. Highly recommended.,Positive,Furniture,4
1093,"The features are useful, although the performance is average. I may consider other options next time.",Neutral,Mobile Accessories,2
1094,Fantastic product with good build quality and smooth performance. The delivery was also good.,Positive,Mobile Accessories,4
1095,The product arrived damaged and did not work properly. Customer support did not help much.,Negative,Mobile Accessories,2
1096,I am disappointed with this product. The quality is very poor. I would not purchase it again.,Negative,Sports,1
1097,"The product does its basic job, but there is room for improvement. The experience was acceptable.",Neutral,Furniture,2
1098,The product has several problems and does not work as advertised. It needs major improvement.,Negative,Home Appliances,2
1099,I am disappointed with this product. The quality is very poor. I would not purchase it again.,Negative,Clothing,1
1100,The product is okay and works as expected. I may consider other options next time.,Neutral,Home Appliances,2
1101,Very happy with my purchase. The product feels durable and reliable. I would purchase it again.,Positive,Books,5
1102,"The features are useful, although the performance is average. Delivery was normal.",Neutral,Home Appliances,3
1103,I am disappointed with this product. The quality is very poor. The delivery was also disappointing.,Negative,Clothing,2
1104,"The product is comfortable, reliable, and worth the money. I would purchase it again.",Positive,Beauty,4
1105,I expected much better quality. This was a disappointing purchase. I regret buying it.,Negative,Books,2
1106,I would not recommend this product to anyone. I regret buying it.,Negative,Kitchen,2
1107,I am disappointed with this product. The quality is very poor. It needs major improvement.,Negative,Electronics,2
1108,Very bad quality and definitely not worth the money. Customer support did not help much.,Negative,Home Appliances,2
1109,"Overall, the experience was okay. The experience was acceptable.",Neutral,Books,3
1110,The quality is acceptable for the price. I may consider other options next time.,Neutral,Mobile Accessories,3
1111,Poor experience. The item was faulty and difficult to use. Customer support did not help much.,Negative,Kitchen,1
1112,Works really well and looks great. Good value for money. I would purchase it again.,Positive,Mobile Accessories,5
1113,It arrived on time and appears to work normally. Delivery was normal.,Neutral,Shoes,3
1114,"It is a decent purchase, but I expected slightly more. It is suitable for basic use.",Neutral,Furniture,2
1115,Waste of money. The product did not meet my expectations. Customer support did not help much.,Negative,Mobile Accessories,2
1116,The product arrived quickly and was exactly as described. It is worth the price.,Positive,Beauty,5
1117,The product is neither very good nor very bad. The experience was acceptable.,Neutral,Books,3
1118,Poor experience. The item was faulty and difficult to use. It needs major improvement.,Negative,Home Appliances,1
1119,Waste of money. The product did not meet my expectations. The delivery was also disappointing.,Negative,Shoes,1
1120,The quality is acceptable for the price. I may consider other options next time.,Neutral,Furniture,3
1121,It is an average product. Nothing particularly impressive. The experience was acceptable.,Neutral,Furniture,2
1122,The product arrived quickly and was exactly as described. It is worth the price.,Positive,Clothing,4
1123,I expected much better quality. This was a disappointing purchase. I regret buying it.,Negative,Home Appliances,2
1124,The product arrived quickly and was exactly as described. The delivery was also good.,Positive,Electronics,5
1125,Excellent quality and amazing performance. Highly recommended. I am very satisfied.,Positive,Books,5
1126,"It is a decent purchase, but I expected slightly more. The experience was acceptable.",Neutral,Sports,3
1127,I am satisfied with the quality and the overall experience. Highly recommended.,Positive,Sports,5
1128,The product stopped working after a few days. Not recommended. I would not purchase it again.,Negative,Sports,1
1129,I absolutely love this product. The quality is excellent and it works perfectly. Highly recommended.,Positive,Clothing,5
1130,"Overall, the experience was okay. The experience was acceptable.",Neutral,Shoes,3
1131,The product is okay and works as expected. Delivery was normal.,Neutral,Electronics,2
1132,"The product is comfortable, reliable, and worth the money. I would purchase it again.",Positive,Electronics,5
1133,The performance is poor and the product feels cheaply made. Customer support did not help much.,Negative,Furniture,2
1134,I absolutely love this product. The quality is excellent and it works perfectly. It is worth the price.,Positive,Books,5
1135,The quality is acceptable for the price. Delivery was normal.,Neutral,Clothing,2
1136,The product is okay and works as expected. It could be improved.,Neutral,Clothing,2
1137,It arrived on time and appears to work normally. It is suitable for basic use.,Neutral,Beauty,3
1138,I am satisfied with the quality and the overall experience. Highly recommended.,Positive,Sports,5
1139,I absolutely love this product. The quality is excellent and it works perfectly. The delivery was also good.,Positive,Home Appliances,5
1140,The product has several problems and does not work as advertised. It needs major improvement.,Negative,Shoes,2
1141,The product is okay and works as expected. The experience was acceptable.,Neutral,Sports,2
1142,The quality is acceptable for the price. Delivery was normal.,Neutral,Home Appliances,2
1143,The product has several problems and does not work as advertised. I regret buying it.,Negative,Beauty,2
1144,The product is okay and works as expected. The experience was acceptable.,Neutral,Beauty,3
1145,The product arrived quickly and was exactly as described. I would purchase it again.,Positive,Kitchen,5
1146,"Overall, the experience was okay. It is suitable for basic use.",Neutral,Sports,3
1147,This product exceeded my expectations. I would definitely buy it again. Highly recommended.,Positive,Shoes,5
1148,The quality is acceptable for the price. It is suitable for basic use.,Neutral,Shoes,3
1149,The product arrived damaged and did not work properly. It needs major improvement.,Negative,Sports,2
1150,"Overall, the experience was okay. Delivery was normal.",Neutral,Sports,2
1151,The quality is acceptable for the price. Delivery was normal.,Neutral,Beauty,2
1152,The product has several problems and does not work as advertised. I regret buying it.,Negative,Beauty,1
1153,Great product for the price. Very useful and easy to use. Highly recommended.,Positive,Home Appliances,4
1154,I absolutely love this product. The quality is excellent and it works perfectly. I am very satisfied.,Positive,Kitchen,5
1155,It is an average product. Nothing particularly impressive. Delivery was normal.,Neutral,Kitchen,3
1156,Fantastic product with good build quality and smooth performance. It is worth the price.,Positive,Beauty,4
1157,Great product for the price. Very useful and easy to use. The delivery was also good.,Positive,Kitchen,5
1158,The product has several problems and does not work as advertised. I would not purchase it again.,Negative,Beauty,2
1159,Very happy with my purchase. The product feels durable and reliable. The delivery was also good.,Positive,Beauty,5
1160,This product exceeded my expectations. I would definitely buy it again. I would purchase it again.,Positive,Mobile Accessories,4
1161,This product exceeded my expectations. I would definitely buy it again. I am very satisfied.,Positive,Shoes,4
1162,The quality is acceptable for the price. I may consider other options next time.,Neutral,Books,3
1163,The product is neither very good nor very bad. It is suitable for basic use.,Neutral,Clothing,2
1164,Excellent quality and amazing performance. Highly recommended. The delivery was also good.,Positive,Furniture,4
1165,The product is neither very good nor very bad. Delivery was normal.,Neutral,Shoes,3
1166,Waste of money. The product did not meet my expectations. The delivery was also disappointing.,Negative,Electronics,1
1167,Waste of money. The product did not meet my expectations. I would not purchase it again.,Negative,Home Appliances,2
1168,I expected much better quality. This was a disappointing purchase. Customer support did not help much.,Negative,Home Appliances,1
1169,"The features are useful, although the performance is average. I may consider other options next time.",Neutral,Beauty,3
1170,I am satisfied with the quality and the overall experience. I am very satisfied.,Positive,Books,4
1171,The product has several problems and does not work as advertised. It needs major improvement.,Negative,Home Appliances,2
1172,This product exceeded my expectations. I would definitely buy it again. I am very satisfied.,Positive,Mobile Accessories,4
1173,It arrived on time and appears to work normally. It could be improved.,Neutral,Furniture,2
1174,Very bad quality and definitely not worth the money. I would not purchase it again.,Negative,Furniture,2
1175,Excellent quality and amazing performance. Highly recommended. The delivery was also good.,Positive,Books,5
1176,"Overall, the experience was okay. It is suitable for basic use.",Neutral,Sports,3
1177,It is an average product. Nothing particularly impressive. I may consider other options next time.,Neutral,Shoes,3
1178,I expected much better quality. This was a disappointing purchase. The delivery was also disappointing.,Negative,Furniture,1
1179,The product arrived quickly and was exactly as described. Highly recommended.,Positive,Home Appliances,4
1180,Poor experience. The item was faulty and difficult to use. Customer support did not help much.,Negative,Beauty,2
1181,Very happy with my purchase. The product feels durable and reliable. I would purchase it again.,Positive,Kitchen,5
1182,The product arrived quickly and was exactly as described. Highly recommended.,Positive,Electronics,4
1183,"The product is comfortable, reliable, and worth the money. I am very satisfied.",Positive,Sports,4
1184,I would not recommend this product to anyone. Customer support did not help much.,Negative,Mobile Accessories,2
1185,I would not recommend this product to anyone. Customer support did not help much.,Negative,Home Appliances,2
1186,Fantastic product with good build quality and smooth performance. I would purchase it again.,Positive,Electronics,4
1187,I would not recommend this product to anyone. It needs major improvement.,Negative,Home Appliances,1
1188,I am satisfied with the quality and the overall experience. The delivery was also good.,Positive,Home Appliances,4
1189,Very happy with my purchase. The product feels durable and reliable. It is worth the price.,Positive,Mobile Accessories,4
1190,Very bad quality and definitely not worth the money. Customer support did not help much.,Negative,Furniture,1
1191,Poor experience. The item was faulty and difficult to use. Customer support did not help much.,Negative,Electronics,1
1192,Fantastic product with good build quality and smooth performance. I would purchase it again.,Positive,Sports,5
1193,The product arrived quickly and was exactly as described. I would purchase it again.,Positive,Kitchen,5
1194,"Overall, the experience was okay. I may consider other options next time.",Neutral,Beauty,2
1195,"It is a decent purchase, but I expected slightly more. It could be improved.",Neutral,Beauty,2
1196,Works really well and looks great. Good value for money. Highly recommended.,Positive,Furniture,4
1197,"The product is comfortable, reliable, and worth the money. I am very satisfied.",Positive,Kitchen,4
1198,This product exceeded my expectations. I would definitely buy it again. The delivery was also good.,Positive,Shoes,4
1199,Great product for the price. Very useful and easy to use. It is worth the price.,Positive,Furniture,4
1200,The product stopped working after a few days. Not recommended. I would not purchase it again.,Negative,Home Appliances,2
1201,Excellent quality and amazing performance. Highly recommended. I am very satisfied.,Positive,Shoes,4
1202,I would not recommend this product to anyone. I would not purchase it again.,Negative,Electronics,1
1203,The quality is acceptable for the price. It could be improved.,Neutral,Sports,3
1204,Fantastic product with good build quality and smooth performance. The delivery was also good.,Positive,Kitchen,4
1205,It arrived on time and appears to work normally. It could be improved.,Neutral,Kitchen,3
1206,I expected much better quality. This was a disappointing purchase. The delivery was also disappointing.,Negative,Mobile Accessories,1
1207,The quality is acceptable for the price. The experience was acceptable.,Neutral,Sports,2
1208,I would not recommend this product to anyone. Customer support did not help much.,Negative,Sports,2
1209,I absolutely love this product. The quality is excellent and it works perfectly. The delivery was also good.,Positive,Furniture,5
1210,Great product for the price. Very useful and easy to use. The delivery was also good.,Positive,Clothing,5
1211,This product exceeded my expectations. I would definitely buy it again. The delivery was also good.,Positive,Clothing,5
1212,Works really well and looks great. Good value for money. Highly recommended.,Positive,Electronics,5
1213,The product stopped working after a few days. Not recommended. The delivery was also disappointing.,Negative,Books,1
1214,Works really well and looks great. Good value for money. I would purchase it again.,Positive,Kitchen,4
1215,The product stopped working after a few days. Not recommended. The delivery was also disappointing.,Negative,Mobile Accessories,1
1216,The product arrived quickly and was exactly as described. I would purchase it again.,Positive,Books,5
1217,Waste of money. The product did not meet my expectations. Customer support did not help much.,Negative,Shoes,2
1218,I am disappointed with this product. The quality is very poor. The delivery was also disappointing.,Negative,Furniture,2
1219,Poor experience. The item was faulty and difficult to use. I would not purchase it again.,Negative,Furniture,2
1220,The product matches the description and is fairly average. The experience was acceptable.,Neutral,Kitchen,2
1221,The product is neither very good nor very bad. The experience was acceptable.,Neutral,Clothing,3
1222,The product is neither very good nor very bad. I may consider other options next time.,Neutral,Books,2
1223,The product arrived quickly and was exactly as described. I would purchase it again.,Positive,Mobile Accessories,5
1224,The product arrived damaged and did not work properly. It needs major improvement.,Negative,Sports,2
1225,The product stopped working after a few days. Not recommended. I regret buying it.,Negative,Home Appliances,1
1226,The quality is acceptable for the price. Delivery was normal.,Neutral,Clothing,2
1227,I expected much better quality. This was a disappointing purchase. It needs major improvement.,Negative,Furniture,1
1228,Fantastic product with good build quality and smooth performance. I am very satisfied.,Positive,Furniture,5
1229,Works really well and looks great. Good value for money. It is worth the price.,Positive,Kitchen,4
1230,"The features are useful, although the performance is average. I may consider other options next time.",Neutral,Kitchen,3
1231,I expected much better quality. This was a disappointing purchase. It needs major improvement.,Negative,Clothing,1
1232,Great product for the price. Very useful and easy to use. The delivery was also good.,Positive,Kitchen,4
1233,The quality is acceptable for the price. It is suitable for basic use.,Neutral,Beauty,3
1234,Great product for the price. Very useful and easy to use. Highly recommended.,Positive,Kitchen,5
1235,This product exceeded my expectations. I would definitely buy it again. Highly recommended.,Positive,Sports,5
1236,"It is a decent purchase, but I expected slightly more. It could be improved.",Neutral,Clothing,2
1237,Fantastic product with good build quality and smooth performance. I would purchase it again.,Positive,Sports,4
1238,The product arrived damaged and did not work properly. I would not purchase it again.,Negative,Home Appliances,2
1239,I am satisfied with the quality and the overall experience. The delivery was also good.,Positive,Kitchen,5
1240,Excellent quality and amazing performance. Highly recommended. It is worth the price.,Positive,Books,4
1241,The product stopped working after a few days. Not recommended. Customer support did not help much.,Negative,Sports,1
1242,I am disappointed with this product. The quality is very poor. Customer support did not help much.,Negative,Sports,2
1243,The product is neither very good nor very bad. Delivery was normal.,Neutral,Books,2
1244,The product has several problems and does not work as advertised. The delivery was also disappointing.,Negative,Kitchen,2
1245,The product stopped working after a few days. Not recommended. I regret buying it.,Negative,Kitchen,1
1246,The product is okay and works as expected. Delivery was normal.,Neutral,Electronics,2
1247,Excellent quality and amazing performance. Highly recommended. It is worth the price.,Positive,Books,5
1248,The quality is acceptable for the price. It could be improved.,Neutral,Sports,2
1249,"The product does its basic job, but there is room for improvement. It could be improved.",Neutral,Mobile Accessories,3
1250,I would not recommend this product to anyone. I would not purchase it again.,Negative,Electronics,1
1251,The performance is poor and the product feels cheaply made. Customer support did not help much.,Negative,Clothing,1
1252,The product has several problems and does not work as advertised. The delivery was also disappointing.,Negative,Mobile Accessories,1
1253,"The features are useful, although the performance is average. It could be improved.",Neutral,Home Appliances,2
1254,The performance is poor and the product feels cheaply made. I regret buying it.,Negative,Furniture,2
1255,The product arrived quickly and was exactly as described. It is worth the price.,Positive,Beauty,5
1256,The product matches the description and is fairly average. It is suitable for basic use.,Neutral,Furniture,3
1257,I am disappointed with this product. The quality is very poor. I regret buying it.,Negative,Clothing,2
1258,Fantastic product with good build quality and smooth performance. Highly recommended.,Positive,Shoes,4
1259,"The features are useful, although the performance is average. It is suitable for basic use.",Neutral,Books,2
1260,Excellent quality and amazing performance. Highly recommended. I am very satisfied.,Positive,Kitchen,5
1261,"Overall, the experience was okay. I may consider other options next time.",Neutral,Books,3
1262,The quality is acceptable for the price. It is suitable for basic use.,Neutral,Beauty,2
1263,Very bad quality and definitely not worth the money. The delivery was also disappointing.,Negative,Sports,2
1264,Very happy with my purchase. The product feels durable and reliable. I would purchase it again.,Positive,Electronics,4
1265,The product stopped working after a few days. Not recommended. I would not purchase it again.,Negative,Kitchen,1
1266,The performance is poor and the product feels cheaply made. The delivery was also disappointing.,Negative,Home Appliances,1
1267,Excellent quality and amazing performance. Highly recommended. I would purchase it again.,Positive,Electronics,5
1268,The performance is poor and the product feels cheaply made. I would not purchase it again.,Negative,Beauty,1
1269,Very bad quality and definitely not worth the money. It needs major improvement.,Negative,Clothing,1
1270,I would not recommend this product to anyone. I regret buying it.,Negative,Furniture,1
1271,Poor experience. The item was faulty and difficult to use. I regret buying it.,Negative,Furniture,1
1272,Waste of money. The product did not meet my expectations. Customer support did not help much.,Negative,Shoes,1
1273,Works really well and looks great. Good value for money. Highly recommended.,Positive,Sports,5
1274,"The product is comfortable, reliable, and worth the money. The delivery was also good.",Positive,Kitchen,5
1275,The product is neither very good nor very bad. It could be improved.,Neutral,Home Appliances,3
1276,"It is a decent purchase, but I expected slightly more. Delivery was normal.",Neutral,Shoes,2
1277,"The product is comfortable, reliable, and worth the money. It is worth the price.",Positive,Furniture,5
1278,I absolutely love this product. The quality is excellent and it works perfectly. It is worth the price.,Positive,Books,4
1279,Waste of money. The product did not meet my expectations. Customer support did not help much.,Negative,Mobile Accessories,2
1280,"It is a decent purchase, but I expected slightly more. It is suitable for basic use.",Neutral,Clothing,3
1281,Great product for the price. Very useful and easy to use. It is worth the price.,Positive,Beauty,5
1282,Poor experience. The item was faulty and difficult to use. The delivery was also disappointing.,Negative,Home Appliances,1
1283,The product has several problems and does not work as advertised. Customer support did not help much.,Negative,Sports,1
1284,The performance is poor and the product feels cheaply made. Customer support did not help much.,Negative,Sports,1
1285,Very bad quality and definitely not worth the money. I regret buying it.,Negative,Furniture,2
1286,The product has several problems and does not work as advertised. I would not purchase it again.,Negative,Furniture,2
1287,The product is okay and works as expected. I may consider other options next time.,Neutral,Sports,2
1288,"The product does its basic job, but there is room for improvement. The experience was acceptable.",Neutral,Furniture,3
1289,Fantastic product with good build quality and smooth performance. The delivery was also good.,Positive,Sports,4
1290,This product exceeded my expectations. I would definitely buy it again. Highly recommended.,Positive,Shoes,5
1291,Poor experience. The item was faulty and difficult to use. I regret buying it.,Negative,Clothing,2
1292,Works really well and looks great. Good value for money. Highly recommended.,Positive,Shoes,4
1293,"The product does its basic job, but there is room for improvement. The experience was acceptable.",Neutral,Beauty,2
1294,The product arrived quickly and was exactly as described. It is worth the price.,Positive,Electronics,5
1295,Works really well and looks great. Good value for money. It is worth the price.,Positive,Shoes,5
1296,It arrived on time and appears to work normally. I may consider other options next time.,Neutral,Shoes,2
1297,Poor experience. The item was faulty and difficult to use. I regret buying it.,Negative,Books,2
1298,Very bad quality and definitely not worth the money. The delivery was also disappointing.,Negative,Mobile Accessories,2
1299,The product arrived quickly and was exactly as described. The delivery was also good.,Positive,Shoes,4
1300,"The product is comfortable, reliable, and worth the money. I would purchase it again.",Positive,Electronics,4
1301,"It is a decent purchase, but I expected slightly more. It is suitable for basic use.",Neutral,Home Appliances,3
1302,Excellent quality and amazing performance. Highly recommended. Highly recommended.,Positive,Home Appliances,4
1303,I absolutely love this product. The quality is excellent and it works perfectly. I am very satisfied.,Positive,Sports,4
1304,The performance is poor and the product feels cheaply made. I regret buying it.,Negative,Furniture,2
1305,Excellent quality and amazing performance. Highly recommended. Highly recommended.,Positive,Beauty,4
1306,"It is a decent purchase, but I expected slightly more. It is suitable for basic use.",Neutral,Books,2
1307,I absolutely love this product. The quality is excellent and it works perfectly. I am very satisfied.,Positive,Shoes,5
1308,Excellent quality and amazing performance. Highly recommended. I am very satisfied.,Positive,Books,5
1309,The product is okay and works as expected. I may consider other options next time.,Neutral,Shoes,2
1310,I am disappointed with this product. The quality is very poor. I would not purchase it again.,Negative,Kitchen,1
1311,This product exceeded my expectations. I would definitely buy it again. I am very satisfied.,Positive,Shoes,4
1312,I am disappointed with this product. The quality is very poor. I regret buying it.,Negative,Furniture,2
1313,The quality is acceptable for the price. I may consider other options next time.,Neutral,Electronics,2
1314,The product matches the description and is fairly average. I may consider other options next time.,Neutral,Beauty,2
1315,Poor experience. The item was faulty and difficult to use. I regret buying it.,Negative,Home Appliances,1
1316,The product matches the description and is fairly average. I may consider other options next time.,Neutral,Sports,3
1317,The product stopped working after a few days. Not recommended. I would not purchase it again.,Negative,Books,2
1318,This product exceeded my expectations. I would definitely buy it again. I am very satisfied.,Positive,Shoes,5
1319,Very bad quality and definitely not worth the money. Customer support did not help much.,Negative,Mobile Accessories,2
1320,The performance is poor and the product feels cheaply made. I regret buying it.,Negative,Kitchen,2
1321,Excellent quality and amazing performance. Highly recommended. The delivery was also good.,Positive,Beauty,5
1322,"The product does its basic job, but there is room for improvement. It is suitable for basic use.",Neutral,Beauty,2
1323,The quality is acceptable for the price. It could be improved.,Neutral,Shoes,3
1324,The product matches the description and is fairly average. It could be improved.,Neutral,Home Appliances,3
1325,I am disappointed with this product. The quality is very poor. Customer support did not help much.,Negative,Home Appliances,2
1326,"Overall, the experience was okay. It could be improved.",Neutral,Clothing,2
1327,Fantastic product with good build quality and smooth performance. It is worth the price.,Positive,Kitchen,5
1328,Very bad quality and definitely not worth the money. I regret buying it.,Negative,Beauty,2
1329,Great product for the price. Very useful and easy to use. The delivery was also good.,Positive,Beauty,4
1330,The product matches the description and is fairly average. Delivery was normal.,Neutral,Books,2
1331,"The product is comfortable, reliable, and worth the money. I would purchase it again.",Positive,Mobile Accessories,4
1332,The product stopped working after a few days. Not recommended. I regret buying it.,Negative,Mobile Accessories,1
1333,I absolutely love this product. The quality is excellent and it works perfectly. It is worth the price.,Positive,Home Appliances,5
1334,Waste of money. The product did not meet my expectations. The delivery was also disappointing.,Negative,Mobile Accessories,1
1335,It is an average product. Nothing particularly impressive. It could be improved.,Neutral,Mobile Accessories,3
1336,The product has several problems and does not work as advertised. It needs major improvement.,Negative,Furniture,1
1337,The product arrived damaged and did not work properly. I would not purchase it again.,Negative,Clothing,1
1338,Very bad quality and definitely not worth the money. Customer support did not help much.,Negative,Sports,2
1339,The product stopped working after a few days. Not recommended. It needs major improvement.,Negative,Electronics,2
1340,It arrived on time and appears to work normally. The experience was acceptable.,Neutral,Mobile Accessories,3
1341,I would not recommend this product to anyone. It needs major improvement.,Negative,Home Appliances,2
1342,This product exceeded my expectations. I would definitely buy it again. I would purchase it again.,Positive,Books,5
1343,The product arrived damaged and did not work properly. The delivery was also disappointing.,Negative,Beauty,2
1344,This product exceeded my expectations. I would definitely buy it again. Highly recommended.,Positive,Home Appliances,5
1345,The product arrived damaged and did not work properly. I regret buying it.,Negative,Books,2
1346,"Overall, the experience was okay. It could be improved.",Neutral,Kitchen,3
1347,Great product for the price. Very useful and easy to use. It is worth the price.,Positive,Home Appliances,4
1348,"Overall, the experience was okay. The experience was acceptable.",Neutral,Kitchen,3
1349,I am disappointed with this product. The quality is very poor. The delivery was also disappointing.,Negative,Mobile Accessories,2
1350,I expected much better quality. This was a disappointing purchase. Customer support did not help much.,Negative,Clothing,1
1351,Fantastic product with good build quality and smooth performance. I am very satisfied.,Positive,Books,4
1352,Works really well and looks great. Good value for money. I would purchase it again.,Positive,Books,5
1353,"It is a decent purchase, but I expected slightly more. The experience was acceptable.",Neutral,Books,2
1354,Waste of money. The product did not meet my expectations. Customer support did not help much.,Negative,Kitchen,2
1355,The product arrived quickly and was exactly as described. I am very satisfied.,Positive,Beauty,5
1356,"It is a decent purchase, but I expected slightly more. It is suitable for basic use.",Neutral,Beauty,3
1357,Great product for the price. Very useful and easy to use. Highly recommended.,Positive,Clothing,4
1358,I expected much better quality. This was a disappointing purchase. I regret buying it.,Negative,Electronics,1
1359,"The product does its basic job, but there is room for improvement. The experience was acceptable.",Neutral,Kitchen,2
1360,Works really well and looks great. Good value for money. I am very satisfied.,Positive,Books,4
1361,Fantastic product with good build quality and smooth performance. Highly recommended.,Positive,Sports,5
1362,Poor experience. The item was faulty and difficult to use. It needs major improvement.,Negative,Mobile Accessories,1
1363,The product has several problems and does not work as advertised. I would not purchase it again.,Negative,Mobile Accessories,2
1364,I expected much better quality. This was a disappointing purchase. It needs major improvement.,Negative,Electronics,1
1365,"Overall, the experience was okay. The experience was acceptable.",Neutral,Kitchen,3
1366,This product exceeded my expectations. I would definitely buy it again. I would purchase it again.,Positive,Books,5
1367,"Overall, the experience was okay. It is suitable for basic use.",Neutral,Kitchen,2
1368,Fantastic product with good build quality and smooth performance. It is worth the price.,Positive,Books,5
1369,It is an average product. Nothing particularly impressive. I may consider other options next time.,Neutral,Furniture,3
1370,"The features are useful, although the performance is average. It is suitable for basic use.",Neutral,Beauty,2
1371,Great product for the price. Very useful and easy to use. The delivery was also good.,Positive,Kitchen,5
1372,The product matches the description and is fairly average. I may consider other options next time.,Neutral,Electronics,3
1373,Poor experience. The item was faulty and difficult to use. It needs major improvement.,Negative,Shoes,2
1374,"It is a decent purchase, but I expected slightly more. It could be improved.",Neutral,Shoes,3
1375,This product exceeded my expectations. I would definitely buy it again. I am very satisfied.,Positive,Furniture,4
1376,Great product for the price. Very useful and easy to use. I would purchase it again.,Positive,Mobile Accessories,5
1377,The product arrived damaged and did not work properly. I regret buying it.,Negative,Electronics,1
1378,Great product for the price. Very useful and easy to use. It is worth the price.,Positive,Electronics,5
1379,I absolutely love this product. The quality is excellent and it works perfectly. The delivery was also good.,Positive,Kitchen,5
1380,The product is neither very good nor very bad. Delivery was normal.,Neutral,Mobile Accessories,3
1381,"Overall, the experience was okay. I may consider other options next time.",Neutral,Beauty,3
1382,"Overall, the experience was okay. It could be improved.",Neutral,Mobile Accessories,3
1383,I absolutely love this product. The quality is excellent and it works perfectly. I am very satisfied.,Positive,Books,4
1384,Great product for the price. Very useful and easy to use. I would purchase it again.,Positive,Books,4
1385,I expected much better quality. This was a disappointing purchase. The delivery was also disappointing.,Negative,Furniture,2
1386,I am disappointed with this product. The quality is very poor. I would not purchase it again.,Negative,Beauty,1
1387,"The product is comfortable, reliable, and worth the money. The delivery was also good.",Positive,Furniture,4
1388,The performance is poor and the product feels cheaply made. The delivery was also disappointing.,Negative,Kitchen,2
1389,I would not recommend this product to anyone. The delivery was also disappointing.,Negative,Kitchen,2
1390,It arrived on time and appears to work normally. It is suitable for basic use.,Neutral,Clothing,3
1391,The product stopped working after a few days. Not recommended. The delivery was also disappointing.,Negative,Furniture,2
1392,Fantastic product with good build quality and smooth performance. Highly recommended.,Positive,Kitchen,5
1393,Very bad quality and definitely not worth the money. I regret buying it.,Negative,Kitchen,2
1394,"The product is comfortable, reliable, and worth the money. I would purchase it again.",Positive,Home Appliances,4
1395,Fantastic product with good build quality and smooth performance. Highly recommended.,Positive,Shoes,4
1396,The product is okay and works as expected. I may consider other options next time.,Neutral,Electronics,3
1397,Very bad quality and definitely not worth the money. I regret buying it.,Negative,Beauty,2
1398,The product is neither very good nor very bad. It could be improved.,Neutral,Beauty,2
1399,The product arrived damaged and did not work properly. It needs major improvement.,Negative,Electronics,2
1400,Very bad quality and definitely not worth the money. The delivery was also disappointing.,Negative,Mobile Accessories,2
1401,The product arrived damaged and did not work properly. It needs major improvement.,Negative,Mobile Accessories,2
1402,The quality is acceptable for the price. It could be improved.,Neutral,Home Appliances,3
1403,I would not recommend this product to anyone. I would not purchase it again.,Negative,Shoes,1
1404,It arrived on time and appears to work normally. The experience was acceptable.,Neutral,Beauty,3
1405,I absolutely love this product. The quality is excellent and it works perfectly. Highly recommended.,Positive,Clothing,4
1406,The product arrived quickly and was exactly as described. I would purchase it again.,Positive,Shoes,4
1407,"The product does its basic job, but there is room for improvement. Delivery was normal.",Neutral,Home Appliances,2
1408,The product is neither very good nor very bad. I may consider other options next time.,Neutral,Clothing,3
1409,I would not recommend this product to anyone. The delivery was also disappointing.,Negative,Shoes,1
1410,The product is okay and works as expected. It is suitable for basic use.,Neutral,Sports,3
1411,The product has several problems and does not work as advertised. Customer support did not help much.,Negative,Home Appliances,1
1412,Great product for the price. Very useful and easy to use. It is worth the price.,Positive,Electronics,5
1413,Excellent quality and amazing performance. Highly recommended. The delivery was also good.,Positive,Mobile Accessories,5
1414,The quality is acceptable for the price. It could be improved.,Neutral,Sports,3
1415,The product is okay and works as expected. The experience was acceptable.,Neutral,Shoes,2
1416,The product arrived damaged and did not work properly. Customer support did not help much.,Negative,Mobile Accessories,1
1417,The product matches the description and is fairly average. Delivery was normal.,Neutral,Furniture,3
1418,I am satisfied with the quality and the overall experience. The delivery was also good.,Positive,Shoes,4
1419,It arrived on time and appears to work normally. Delivery was normal.,Neutral,Furniture,2
1420,"It is a decent purchase, but I expected slightly more. It could be improved.",Neutral,Home Appliances,2
1421,Great product for the price. Very useful and easy to use. Highly recommended.,Positive,Clothing,4
1422,I would not recommend this product to anyone. Customer support did not help much.,Negative,Clothing,2
1423,I am disappointed with this product. The quality is very poor. Customer support did not help much.,Negative,Electronics,1
1424,Poor experience. The item was faulty and difficult to use. The delivery was also disappointing.,Negative,Books,1
1425,It arrived on time and appears to work normally. Delivery was normal.,Neutral,Kitchen,3
1426,Fantastic product with good build quality and smooth performance. I would purchase it again.,Positive,Shoes,4
1427,I expected much better quality. This was a disappointing purchase. It needs major improvement.,Negative,Electronics,2
1428,The product is okay and works as expected. The experience was acceptable.,Neutral,Kitchen,2
1429,I would not recommend this product to anyone. I would not purchase it again.,Negative,Sports,1
1430,Very happy with my purchase. The product feels durable and reliable. The delivery was also good.,Positive,Kitchen,5
1431,Great product for the price. Very useful and easy to use. It is worth the price.,Positive,Mobile Accessories,4
1432,This product exceeded my expectations. I would definitely buy it again. The delivery was also good.,Positive,Beauty,4
1433,I would not recommend this product to anyone. Customer support did not help much.,Negative,Electronics,1
1434,The product arrived damaged and did not work properly. Customer support did not help much.,Negative,Furniture,1
1435,The product is okay and works as expected. It could be improved.,Neutral,Kitchen,2
1436,The product has several problems and does not work as advertised. Customer support did not help much.,Negative,Books,1
1437,The product matches the description and is fairly average. Delivery was normal.,Neutral,Home Appliances,2
1438,"The product does its basic job, but there is room for improvement. I may consider other options next time.",Neutral,Mobile Accessories,2
1439,The product is okay and works as expected. Delivery was normal.,Neutral,Electronics,3
1440,"The features are useful, although the performance is average. It is suitable for basic use.",Neutral,Kitchen,2
1441,"It is a decent purchase, but I expected slightly more. I may consider other options next time.",Neutral,Electronics,2
1442,Works really well and looks great. Good value for money. I am very satisfied.,Positive,Beauty,5
1443,The product stopped working after a few days. Not recommended. I regret buying it.,Negative,Kitchen,1
1444,I am satisfied with the quality and the overall experience. The delivery was also good.,Positive,Beauty,5
1445,"The features are useful, although the performance is average. I may consider other options next time.",Neutral,Home Appliances,2
1446,The product arrived damaged and did not work properly. The delivery was also disappointing.,Negative,Home Appliances,1
1447,Poor experience. The item was faulty and difficult to use. I would not purchase it again.,Negative,Books,1
1448,The product has several problems and does not work as advertised. Customer support did not help much.,Negative,Books,2
1449,"It is a decent purchase, but I expected slightly more. It is suitable for basic use.",Neutral,Mobile Accessories,3
1450,"It is a decent purchase, but I expected slightly more. It is suitable for basic use.",Neutral,Sports,3
1451,The product matches the description and is fairly average. It is suitable for basic use.,Neutral,Home Appliances,3
1452,Waste of money. The product did not meet my expectations. I would not purchase it again.,Negative,Shoes,1
1453,The product arrived damaged and did not work properly. It needs major improvement.,Negative,Sports,1
1454,"The features are useful, although the performance is average. Delivery was normal.",Neutral,Home Appliances,2
1455,The performance is poor and the product feels cheaply made. I regret buying it.,Negative,Mobile Accessories,1
1456,The product arrived quickly and was exactly as described. It is worth the price.,Positive,Mobile Accessories,5
1457,Great product for the price. Very useful and easy to use. It is worth the price.,Positive,Home Appliances,4
1458,The product matches the description and is fairly average. It could be improved.,Neutral,Beauty,3
1459,"The features are useful, although the performance is average. The experience was acceptable.",Neutral,Books,2
1460,It is an average product. Nothing particularly impressive. The experience was acceptable.,Neutral,Books,3
1461,Great product for the price. Very useful and easy to use. Highly recommended.,Positive,Shoes,4
1462,Fantastic product with good build quality and smooth performance. The delivery was also good.,Positive,Electronics,4
1463,The performance is poor and the product feels cheaply made. It needs major improvement.,Negative,Mobile Accessories,1
1464,I absolutely love this product. The quality is excellent and it works perfectly. I am very satisfied.,Positive,Clothing,4
1465,It is an average product. Nothing particularly impressive. It is suitable for basic use.,Neutral,Kitchen,3
1466,"It is a decent purchase, but I expected slightly more. The experience was acceptable.",Neutral,Home Appliances,2
1467,The quality is acceptable for the price. It is suitable for basic use.,Neutral,Clothing,2
1468,The product is neither very good nor very bad. Delivery was normal.,Neutral,Home Appliances,2
1469,Great product for the price. Very useful and easy to use. It is worth the price.,Positive,Mobile Accessories,4
1470,Poor experience. The item was faulty and difficult to use. The delivery was also disappointing.,Negative,Home Appliances,1
1471,Excellent quality and amazing performance. Highly recommended. It is worth the price.,Positive,Books,5
1472,"Overall, the experience was okay. It is suitable for basic use.",Neutral,Mobile Accessories,3
1473,Fantastic product with good build quality and smooth performance. It is worth the price.,Positive,Home Appliances,5
1474,The product is okay and works as expected. Delivery was normal.,Neutral,Electronics,3
1475,The product has several problems and does not work as advertised. Customer support did not help much.,Negative,Kitchen,1
1476,It is an average product. Nothing particularly impressive. I may consider other options next time.,Neutral,Beauty,2
1477,Works really well and looks great. Good value for money. It is worth the price.,Positive,Electronics,4
1478,I am disappointed with this product. The quality is very poor. I would not purchase it again.,Negative,Shoes,2
1479,The product is okay and works as expected. The experience was acceptable.,Neutral,Sports,3
1480,"It is a decent purchase, but I expected slightly more. Delivery was normal.",Neutral,Beauty,2
1481,"Overall, the experience was okay. It is suitable for basic use.",Neutral,Shoes,2
1482,Excellent quality and amazing performance. Highly recommended. The delivery was also good.,Positive,Electronics,5
1483,"The product is comfortable, reliable, and worth the money. Highly recommended.",Positive,Electronics,4
1484,"It is a decent purchase, but I expected slightly more. Delivery was normal.",Neutral,Electronics,2
1485,Fantastic product with good build quality and smooth performance. The delivery was also good.,Positive,Shoes,5
1486,The product matches the description and is fairly average. The experience was acceptable.,Neutral,Kitchen,3
1487,Fantastic product with good build quality and smooth performance. I would purchase it again.,Positive,Mobile Accessories,5
1488,Excellent quality and amazing performance. Highly recommended. The delivery was also good.,Positive,Books,4
1489,The quality is acceptable for the price. It is suitable for basic use.,Neutral,Sports,3
1490,The product is neither very good nor very bad. It could be improved.,Neutral,Furniture,3
1491,The product has several problems and does not work as advertised. The delivery was also disappointing.,Negative,Furniture,1
1492,I absolutely love this product. The quality is excellent and it works perfectly. I am very satisfied.,Positive,Kitchen,4
1493,I absolutely love this product. The quality is excellent and it works perfectly. It is worth the price.,Positive,Sports,5
1494,Very bad quality and definitely not worth the money. I would not purchase it again.,Negative,Books,1
1495,Poor experience. The item was faulty and difficult to use. Customer support did not help much.,Negative,Sports,1
1496,"Overall, the experience was okay. It could be improved.",Neutral,Home Appliances,3
1497,Very bad quality and definitely not worth the money. The delivery was also disappointing.,Negative,Mobile Accessories,1
1498,The performance is poor and the product feels cheaply made. Customer support did not help much.,Negative,Clothing,2
1499,I am disappointed with this product. The quality is very poor. I regret buying it.,Negative,Electronics,2
1500,"The features are useful, although the performance is average. Delivery was normal.",Neutral,Kitchen,3
1501,Fantastic product with good build quality and smooth performance. It is worth the price.,Positive,Electronics,4
1502,Excellent quality and amazing performance. Highly recommended. It is worth the price.,Positive,Shoes,5
1503,"The product is comfortable, reliable, and worth the money. I would purchase it again.",Positive,Home Appliances,5
1504,Fantastic product with good build quality and smooth performance. Highly recommended.,Positive,Clothing,5
1505,The quality is acceptable for the price. Delivery was normal.,Neutral,Clothing,2
1506,I expected much better quality. This was a disappointing purchase. I regret buying it.,Negative,Books,2
1507,I would not recommend this product to anyone. Customer support did not help much.,Negative,Shoes,1
1508,"It is a decent purchase, but I expected slightly more. Delivery was normal.",Neutral,Mobile Accessories,3
1509,The performance is poor and the product feels cheaply made. The delivery was also disappointing.,Negative,Shoes,1
1510,The product arrived damaged and did not work properly. I regret buying it.,Negative,Beauty,1
1511,It arrived on time and appears to work normally. The experience was acceptable.,Neutral,Mobile Accessories,2
1512,The quality is acceptable for the price. It could be improved.,Neutral,Home Appliances,3
1513,The product has several problems and does not work as advertised. Customer support did not help much.,Negative,Sports,1
1514,The product is neither very good nor very bad. I may consider other options next time.,Neutral,Books,3
1515,This product exceeded my expectations. I would definitely buy it again. Highly recommended.,Positive,Home Appliances,5
1516,Very bad quality and definitely not worth the money. It needs major improvement.,Negative,Shoes,2
1517,"The features are useful, although the performance is average. The experience was acceptable.",Neutral,Furniture,3
1518,I am disappointed with this product. The quality is very poor. I would not purchase it again.,Negative,Shoes,1
1519,"The features are useful, although the performance is average. The experience was acceptable.",Neutral,Sports,3
1520,I would not recommend this product to anyone. Customer support did not help much.,Negative,Home Appliances,2
1521,The product is neither very good nor very bad. I may consider other options next time.,Neutral,Electronics,2
1522,The quality is acceptable for the price. It is suitable for basic use.,Neutral,Electronics,2
1523,I would not recommend this product to anyone. I regret buying it.,Negative,Electronics,1
1524,"It is a decent purchase, but I expected slightly more. Delivery was normal.",Neutral,Home Appliances,3
1525,"It is a decent purchase, but I expected slightly more. The experience was acceptable.",Neutral,Shoes,2
1526,The performance is poor and the product feels cheaply made. Customer support did not help much.,Negative,Clothing,2
1527,I am disappointed with this product. The quality is very poor. It needs major improvement.,Negative,Furniture,2
1528,Very bad quality and definitely not worth the money. It needs major improvement.,Negative,Sports,1
1529,"The product does its basic job, but there is room for improvement. Delivery was normal.",Neutral,Sports,2
1530,I would not recommend this product to anyone. It needs major improvement.,Negative,Shoes,2
1531,"The product does its basic job, but there is room for improvement. I may consider other options next time.",Neutral,Kitchen,2
1532,"The product is comfortable, reliable, and worth the money. I would purchase it again.",Positive,Books,4
1533,Very bad quality and definitely not worth the money. Customer support did not help much.,Negative,Kitchen,1
1534,"The product does its basic job, but there is room for improvement. I may consider other options next time.",Neutral,Clothing,3
1535,Works really well and looks great. Good value for money. The delivery was also good.,Positive,Sports,4
1536,Excellent quality and amazing performance. Highly recommended. I am very satisfied.,Positive,Mobile Accessories,4
1537,Very happy with my purchase. The product feels durable and reliable. The delivery was also good.,Positive,Furniture,4
1538,Excellent quality and amazing performance. Highly recommended. It is worth the price.,Positive,Mobile Accessories,5
1539,Fantastic product with good build quality and smooth performance. It is worth the price.,Positive,Furniture,5
1540,Fantastic product with good build quality and smooth performance. Highly recommended.,Positive,Clothing,4
1541,"The product is comfortable, reliable, and worth the money. I would purchase it again.",Positive,Electronics,4
1542,This product exceeded my expectations. I would definitely buy it again. The delivery was also good.,Positive,Books,4
1543,I expected much better quality. This was a disappointing purchase. The delivery was also disappointing.,Negative,Kitchen,1
1544,The quality is acceptable for the price. It could be improved.,Neutral,Mobile Accessories,2
1545,The product is neither very good nor very bad. Delivery was normal.,Neutral,Home Appliances,2
1546,"The product is comfortable, reliable, and worth the money. It is worth the price.",Positive,Electronics,4
1547,I am satisfied with the quality and the overall experience. It is worth the price.,Positive,Kitchen,4
1548,The product stopped working after a few days. Not recommended. The delivery was also disappointing.,Negative,Home Appliances,1
1549,This product exceeded my expectations. I would definitely buy it again. It is worth the price.,Positive,Mobile Accessories,5
1550,I expected much better quality. This was a disappointing purchase. I regret buying it.,Negative,Shoes,2
1551,I am disappointed with this product. The quality is very poor. The delivery was also disappointing.,Negative,Clothing,2
1552,Very happy with my purchase. The product feels durable and reliable. It is worth the price.,Positive,Books,4
1553,Very happy with my purchase. The product feels durable and reliable. The delivery was also good.,Positive,Kitchen,5
1554,This product exceeded my expectations. I would definitely buy it again. The delivery was also good.,Positive,Beauty,4
1555,The product arrived damaged and did not work properly. I regret buying it.,Negative,Sports,2
1556,"It is a decent purchase, but I expected slightly more. It could be improved.",Neutral,Shoes,3
1557,The product arrived quickly and was exactly as described. The delivery was also good.,Positive,Shoes,5
1558,The product arrived quickly and was exactly as described. I am very satisfied.,Positive,Sports,4
1559,The performance is poor and the product feels cheaply made. It needs major improvement.,Negative,Kitchen,1
1560,Great product for the price. Very useful and easy to use. It is worth the price.,Positive,Mobile Accessories,5
1561,The product stopped working after a few days. Not recommended. I regret buying it.,Negative,Home Appliances,2
1562,I am satisfied with the quality and the overall experience. I would purchase it again.,Positive,Shoes,5
1563,I am disappointed with this product. The quality is very poor. I regret buying it.,Negative,Electronics,1
1564,I would not recommend this product to anyone. I would not purchase it again.,Negative,Electronics,1
1565,The product arrived damaged and did not work properly. It needs major improvement.,Negative,Furniture,2
1566,The product stopped working after a few days. Not recommended. The delivery was also disappointing.,Negative,Home Appliances,2
1567,The product stopped working after a few days. Not recommended. I would not purchase it again.,Negative,Sports,1
1568,I am disappointed with this product. The quality is very poor. I would not purchase it again.,Negative,Kitchen,2
1569,The product stopped working after a few days. Not recommended. Customer support did not help much.,Negative,Home Appliances,2
1570,The performance is poor and the product feels cheaply made. Customer support did not help much.,Negative,Furniture,2
1571,Excellent quality and amazing performance. Highly recommended. Highly recommended.,Positive,Clothing,4
1572,I am satisfied with the quality and the overall experience. I would purchase it again.,Positive,Sports,4
1573,Excellent quality and amazing performance. Highly recommended. The delivery was also good.,Positive,Beauty,4
1574,"The product does its basic job, but there is room for improvement. Delivery was normal.",Neutral,Books,2
1575,Fantastic product with good build quality and smooth performance. It is worth the price.,Positive,Furniture,4
1576,Great product for the price. Very useful and easy to use. I am very satisfied.,Positive,Shoes,5
1577,The product is okay and works as expected. It is suitable for basic use.,Neutral,Electronics,2
1578,Excellent quality and amazing performance. Highly recommended. The delivery was also good.,Positive,Electronics,4
1579,"Overall, the experience was okay. The experience was acceptable.",Neutral,Home Appliances,3
1580,"It is a decent purchase, but I expected slightly more. Delivery was normal.",Neutral,Books,2
1581,Waste of money. The product did not meet my expectations. It needs major improvement.,Negative,Clothing,1
1582,Very happy with my purchase. The product feels durable and reliable. It is worth the price.,Positive,Beauty,4
1583,"The product does its basic job, but there is room for improvement. It is suitable for basic use.",Neutral,Kitchen,3
1584,Excellent quality and amazing performance. Highly recommended. Highly recommended.,Positive,Electronics,5
1585,"The features are useful, although the performance is average. It is suitable for basic use.",Neutral,Clothing,2
1586,Very bad quality and definitely not worth the money. I regret buying it.,Negative,Furniture,1
1587,Fantastic product with good build quality and smooth performance. I am very satisfied.,Positive,Beauty,5
1588,"It is a decent purchase, but I expected slightly more. I may consider other options next time.",Neutral,Shoes,2
1589,The quality is acceptable for the price. The experience was acceptable.,Neutral,Electronics,3
1590,The product stopped working after a few days. Not recommended. Customer support did not help much.,Negative,Kitchen,1
1591,"It is a decent purchase, but I expected slightly more. It could be improved.",Neutral,Kitchen,2
1592,The product arrived damaged and did not work properly. The delivery was also disappointing.,Negative,Home Appliances,1
1593,I am satisfied with the quality and the overall experience. Highly recommended.,Positive,Shoes,4
1594,The product has several problems and does not work as advertised. It needs major improvement.,Negative,Electronics,2
1595,Great product for the price. Very useful and easy to use. I would purchase it again.,Positive,Home Appliances,4
1596,Great product for the price. Very useful and easy to use. Highly recommended.,Positive,Electronics,5
1597,The product matches the description and is fairly average. It could be improved.,Neutral,Books,3
1598,"Overall, the experience was okay. It is suitable for basic use.",Neutral,Electronics,3
1599,"The features are useful, although the performance is average. I may consider other options next time.",Neutral,Mobile Accessories,2
1600,It arrived on time and appears to work normally. Delivery was normal.,Neutral,Kitchen,2
1601,"The product does its basic job, but there is room for improvement. It is suitable for basic use.",Neutral,Kitchen,3
1602,I absolutely love this product. The quality is excellent and it works perfectly. I would purchase it again.,Positive,Shoes,4
1603,This product exceeded my expectations. I would definitely buy it again. I am very satisfied.,Positive,Home Appliances,5
1604,"The features are useful, although the performance is average. Delivery was normal.",Neutral,Sports,2
1605,"Overall, the experience was okay. It could be improved.",Neutral,Mobile Accessories,2
1606,It arrived on time and appears to work normally. The experience was acceptable.,Neutral,Books,3
1607,I am disappointed with this product. The quality is very poor. It needs major improvement.,Negative,Sports,1
1608,Waste of money. The product did not meet my expectations. Customer support did not help much.,Negative,Electronics,1
1609,I absolutely love this product. The quality is excellent and it works perfectly. Highly recommended.,Positive,Sports,5
1610,It is an average product. Nothing particularly impressive. I may consider other options next time.,Neutral,Shoes,3
1611,The product matches the description and is fairly average. I may consider other options next time.,Neutral,Furniture,2
1612,Great product for the price. Very useful and easy to use. I am very satisfied.,Positive,Furniture,5
1613,Very happy with my purchase. The product feels durable and reliable. The delivery was also good.,Positive,Mobile Accessories,5
1614,I absolutely love this product. The quality is excellent and it works perfectly. I am very satisfied.,Positive,Beauty,5
1615,I absolutely love this product. The quality is excellent and it works perfectly. It is worth the price.,Positive,Mobile Accessories,5
1616,The product is neither very good nor very bad. I may consider other options next time.,Neutral,Home Appliances,2
1617,Very bad quality and definitely not worth the money. I regret buying it.,Negative,Home Appliances,1
1618,Works really well and looks great. Good value for money. It is worth the price.,Positive,Electronics,5
1619,The product is okay and works as expected. The experience was acceptable.,Neutral,Shoes,2
1620,Fantastic product with good build quality and smooth performance. The delivery was also good.,Positive,Clothing,5
1621,Excellent quality and amazing performance. Highly recommended. Highly recommended.,Positive,Kitchen,4
1622,"The product does its basic job, but there is room for improvement. It could be improved.",Neutral,Furniture,3
1623,I am satisfied with the quality and the overall experience. Highly recommended.,Positive,Kitchen,5
1624,I expected much better quality. This was a disappointing purchase. I would not purchase it again.,Negative,Clothing,1
1625,Fantastic product with good build quality and smooth performance. Highly recommended.,Positive,Sports,5
1626,Poor experience. The item was faulty and difficult to use. It needs major improvement.,Negative,Electronics,2
1627,The product arrived quickly and was exactly as described. The delivery was also good.,Positive,Mobile Accessories,4
1628,Very happy with my purchase. The product feels durable and reliable. Highly recommended.,Positive,Books,4
1629,I am satisfied with the quality and the overall experience. The delivery was also good.,Positive,Kitchen,5
1630,The product has several problems and does not work as advertised. I would not purchase it again.,Negative,Home Appliances,1
1631,The product matches the description and is fairly average. It is suitable for basic use.,Neutral,Home Appliances,2
1632,It arrived on time and appears to work normally. The experience was acceptable.,Neutral,Beauty,3
1633,The product arrived damaged and did not work properly. Customer support did not help much.,Negative,Mobile Accessories,2
1634,Very happy with my purchase. The product feels durable and reliable. The delivery was also good.,Positive,Home Appliances,5
1635,"Overall, the experience was okay. It is suitable for basic use.",Neutral,Clothing,2
1636,I am disappointed with this product. The quality is very poor. It needs major improvement.,Negative,Sports,1
1637,"The product does its basic job, but there is room for improvement. I may consider other options next time.",Neutral,Kitchen,3
1638,The product arrived damaged and did not work properly. The delivery was also disappointing.,Negative,Beauty,2
1639,"Overall, the experience was okay. Delivery was normal.",Neutral,Beauty,2
1640,The performance is poor and the product feels cheaply made. I regret buying it.,Negative,Clothing,1
1641,The product is okay and works as expected. It could be improved.,Neutral,Clothing,2
1642,The performance is poor and the product feels cheaply made. I regret buying it.,Negative,Beauty,1
1643,The product matches the description and is fairly average. I may consider other options next time.,Neutral,Sports,2
1644,Fantastic product with good build quality and smooth performance. I would purchase it again.,Positive,Electronics,4
1645,"The product does its basic job, but there is room for improvement. I may consider other options next time.",Neutral,Mobile Accessories,3
1646,"The product does its basic job, but there is room for improvement. It could be improved.",Neutral,Home Appliances,2
1647,The product is neither very good nor very bad. Delivery was normal.,Neutral,Beauty,2
1648,Waste of money. The product did not meet my expectations. I regret buying it.,Negative,Electronics,2
1649,Very bad quality and definitely not worth the money. The delivery was also disappointing.,Negative,Shoes,1
1650,"The features are useful, although the performance is average. Delivery was normal.",Neutral,Mobile Accessories,3
1651,"The features are useful, although the performance is average. It could be improved.",Neutral,Shoes,2
1652,"The features are useful, although the performance is average. I may consider other options next time.",Neutral,Books,3
1653,Very happy with my purchase. The product feels durable and reliable. I am very satisfied.,Positive,Sports,4
1654,The product arrived quickly and was exactly as described. I would purchase it again.,Positive,Kitchen,5
1655,It arrived on time and appears to work normally. I may consider other options next time.,Neutral,Electronics,2
1656,The product is okay and works as expected. The experience was acceptable.,Neutral,Clothing,3
1657,The product arrived damaged and did not work properly. I would not purchase it again.,Negative,Electronics,1
1658,The product arrived damaged and did not work properly. The delivery was also disappointing.,Negative,Clothing,1
1659,The product is neither very good nor very bad. It is suitable for basic use.,Neutral,Shoes,3
1660,Very bad quality and definitely not worth the money. The delivery was also disappointing.,Negative,Home Appliances,2
1661,"It is a decent purchase, but I expected slightly more. The experience was acceptable.",Neutral,Home Appliances,3
1662,The product arrived damaged and did not work properly. I would not purchase it again.,Negative,Clothing,2
1663,The product arrived quickly and was exactly as described. I am very satisfied.,Positive,Shoes,5
1664,"The product does its basic job, but there is room for improvement. The experience was acceptable.",Neutral,Books,2
1665,The product stopped working after a few days. Not recommended. Customer support did not help much.,Negative,Furniture,2
1666,The product arrived quickly and was exactly as described. Highly recommended.,Positive,Furniture,5
1667,Waste of money. The product did not meet my expectations. I regret buying it.,Negative,Sports,2
1668,Very happy with my purchase. The product feels durable and reliable. Highly recommended.,Positive,Home Appliances,4
1669,Works really well and looks great. Good value for money. It is worth the price.,Positive,Sports,5
1670,It is an average product. Nothing particularly impressive. The experience was acceptable.,Neutral,Home Appliances,2
1671,The product has several problems and does not work as advertised. The delivery was also disappointing.,Negative,Shoes,2
1672,The product arrived quickly and was exactly as described. It is worth the price.,Positive,Clothing,5
1673,I absolutely love this product. The quality is excellent and it works perfectly. It is worth the price.,Positive,Electronics,4
1674,The product matches the description and is fairly average. I may consider other options next time.,Neutral,Kitchen,2
1675,The product is neither very good nor very bad. It could be improved.,Neutral,Mobile Accessories,3
1676,I am disappointed with this product. The quality is very poor. It needs major improvement.,Negative,Clothing,1
1677,Waste of money. The product did not meet my expectations. I regret buying it.,Negative,Beauty,2
1678,The product has several problems and does not work as advertised. Customer support did not help much.,Negative,Kitchen,1
1679,It arrived on time and appears to work normally. The experience was acceptable.,Neutral,Mobile Accessories,3
1680,The product has several problems and does not work as advertised. I regret buying it.,Negative,Sports,2
1681,It arrived on time and appears to work normally. It is suitable for basic use.,Neutral,Sports,3
1682,I expected much better quality. This was a disappointing purchase. Customer support did not help much.,Negative,Books,1
1683,I am disappointed with this product. The quality is very poor. I regret buying it.,Negative,Furniture,1
1684,The product has several problems and does not work as advertised. I regret buying it.,Negative,Mobile Accessories,1
1685,It arrived on time and appears to work normally. Delivery was normal.,Neutral,Beauty,2
1686,"The product is comfortable, reliable, and worth the money. I am very satisfied.",Positive,Mobile Accessories,4
1687,"The product is comfortable, reliable, and worth the money. I am very satisfied.",Positive,Books,5
1688,Very happy with my purchase. The product feels durable and reliable. I am very satisfied.,Positive,Beauty,4
1689,"It is a decent purchase, but I expected slightly more. I may consider other options next time.",Neutral,Shoes,2
1690,The product arrived damaged and did not work properly. The delivery was also disappointing.,Negative,Sports,1
1691,Poor experience. The item was faulty and difficult to use. I regret buying it.,Negative,Electronics,1
1692,The product has several problems and does not work as advertised. Customer support did not help much.,Negative,Kitchen,1
1693,This product exceeded my expectations. I would definitely buy it again. Highly recommended.,Positive,Beauty,5
1694,Waste of money. The product did not meet my expectations. The delivery was also disappointing.,Negative,Furniture,1
1695,The quality is acceptable for the price. The experience was acceptable.,Neutral,Kitchen,2
1696,I am disappointed with this product. The quality is very poor. The delivery was also disappointing.,Negative,Home Appliances,2
1697,"It is a decent purchase, but I expected slightly more. It is suitable for basic use.",Neutral,Clothing,2
1698,The product stopped working after a few days. Not recommended. The delivery was also disappointing.,Negative,Shoes,2
1699,"The product does its basic job, but there is room for improvement. Delivery was normal.",Neutral,Furniture,2
1700,"It is a decent purchase, but I expected slightly more. I may consider other options next time.",Neutral,Beauty,2
1701,The performance is poor and the product feels cheaply made. Customer support did not help much.,Negative,Home Appliances,2
1702,Poor experience. The item was faulty and difficult to use. I would not purchase it again.,Negative,Sports,2
1703,The product arrived damaged and did not work properly. Customer support did not help much.,Negative,Beauty,1
1704,Poor experience. The item was faulty and difficult to use. I would not purchase it again.,Negative,Electronics,2
1705,I would not recommend this product to anyone. I would not purchase it again.,Negative,Furniture,1
1706,This product exceeded my expectations. I would definitely buy it again. The delivery was also good.,Positive,Beauty,4
1707,I am satisfied with the quality and the overall experience. The delivery was also good.,Positive,Clothing,5
1708,It is an average product. Nothing particularly impressive. I may consider other options next time.,Neutral,Beauty,2
1709,The performance is poor and the product feels cheaply made. I regret buying it.,Negative,Shoes,2
1710,It arrived on time and appears to work normally. It is suitable for basic use.,Neutral,Mobile Accessories,3
1711,I am satisfied with the quality and the overall experience. I am very satisfied.,Positive,Clothing,5
1712,The product matches the description and is fairly average. Delivery was normal.,Neutral,Mobile Accessories,3
1713,The product has several problems and does not work as advertised. Customer support did not help much.,Negative,Home Appliances,2
1714,Excellent quality and amazing performance. Highly recommended. It is worth the price.,Positive,Clothing,5
1715,Excellent quality and amazing performance. Highly recommended. I would purchase it again.,Positive,Clothing,4
1716,I expected much better quality. This was a disappointing purchase. Customer support did not help much.,Negative,Furniture,1
1717,"Overall, the experience was okay. The experience was acceptable.",Neutral,Shoes,2
1718,Waste of money. The product did not meet my expectations. The delivery was also disappointing.,Negative,Kitchen,2
1719,"The features are useful, although the performance is average. It could be improved.",Neutral,Books,3
1720,I am disappointed with this product. The quality is very poor. Customer support did not help much.,Negative,Home Appliances,2
1721,I am disappointed with this product. The quality is very poor. It needs major improvement.,Negative,Shoes,1
1722,Excellent quality and amazing performance. Highly recommended. It is worth the price.,Positive,Beauty,5
1723,Very bad quality and definitely not worth the money. Customer support did not help much.,Negative,Mobile Accessories,2
1724,I expected much better quality. This was a disappointing purchase. It needs major improvement.,Negative,Furniture,2
1725,"Overall, the experience was okay. The experience was acceptable.",Neutral,Home Appliances,2
1726,It arrived on time and appears to work normally. It could be improved.,Neutral,Sports,2
1727,Excellent quality and amazing performance. Highly recommended. I would purchase it again.,Positive,Furniture,5
1728,I am satisfied with the quality and the overall experience. Highly recommended.,Positive,Clothing,4
1729,"It is a decent purchase, but I expected slightly more. Delivery was normal.",Neutral,Home Appliances,2
1730,It arrived on time and appears to work normally. It is suitable for basic use.,Neutral,Electronics,3
1731,The product stopped working after a few days. Not recommended. I would not purchase it again.,Negative,Beauty,1
1732,The performance is poor and the product feels cheaply made. The delivery was also disappointing.,Negative,Clothing,1
1733,The product is neither very good nor very bad. The experience was acceptable.,Neutral,Home Appliances,2
1734,Poor experience. The item was faulty and difficult to use. I regret buying it.,Negative,Electronics,2
1735,I am disappointed with this product. The quality is very poor. I would not purchase it again.,Negative,Clothing,2
1736,Fantastic product with good build quality and smooth performance. The delivery was also good.,Positive,Clothing,4
1737,"It is a decent purchase, but I expected slightly more. The experience was acceptable.",Neutral,Shoes,2
1738,The product has several problems and does not work as advertised. Customer support did not help much.,Negative,Sports,2
1739,I absolutely love this product. The quality is excellent and it works perfectly. It is worth the price.,Positive,Shoes,5
1740,The product is neither very good nor very bad. I may consider other options next time.,Neutral,Books,2
1741,"The features are useful, although the performance is average. I may consider other options next time.",Neutral,Electronics,3
1742,Great product for the price. Very useful and easy to use. It is worth the price.,Positive,Electronics,4
1743,This product exceeded my expectations. I would definitely buy it again. The delivery was also good.,Positive,Sports,5
1744,The product arrived damaged and did not work properly. I would not purchase it again.,Negative,Beauty,1
1745,Very bad quality and definitely not worth the money. Customer support did not help much.,Negative,Electronics,1
1746,It arrived on time and appears to work normally. The experience was acceptable.,Neutral,Home Appliances,3
1747,Fantastic product with good build quality and smooth performance. I would purchase it again.,Positive,Shoes,5
1748,The product arrived quickly and was exactly as described. I would purchase it again.,Positive,Home Appliances,4
1749,The product arrived damaged and did not work properly. It needs major improvement.,Negative,Kitchen,2
1750,"It is a decent purchase, but I expected slightly more. It is suitable for basic use.",Neutral,Electronics,3
1751,The product arrived quickly and was exactly as described. I would purchase it again.,Positive,Furniture,4
1752,Waste of money. The product did not meet my expectations. Customer support did not help much.,Negative,Mobile Accessories,1
1753,"The product does its basic job, but there is room for improvement. The experience was acceptable.",Neutral,Electronics,2
1754,"Overall, the experience was okay. It is suitable for basic use.",Neutral,Furniture,3
1755,Excellent quality and amazing performance. Highly recommended. I would purchase it again.,Positive,Clothing,4
1756,The product has several problems and does not work as advertised. It needs major improvement.,Negative,Furniture,1
1757,Very happy with my purchase. The product feels durable and reliable. I am very satisfied.,Positive,Electronics,5
1758,"The features are useful, although the performance is average. It is suitable for basic use.",Neutral,Beauty,3
1759,"It is a decent purchase, but I expected slightly more. It could be improved.",Neutral,Sports,3
1760,"The features are useful, although the performance is average. It is suitable for basic use.",Neutral,Furniture,2
1761,Works really well and looks great. Good value for money. I am very satisfied.,Positive,Sports,4
1762,"It is a decent purchase, but I expected slightly more. Delivery was normal.",Neutral,Mobile Accessories,3
1763,Waste of money. The product did not meet my expectations. Customer support did not help much.,Negative,Electronics,1
1764,It is an average product. Nothing particularly impressive. Delivery was normal.,Neutral,Electronics,2
1765,Very happy with my purchase. The product feels durable and reliable. I would purchase it again.,Positive,Books,5
1766,"The features are useful, although the performance is average. It is suitable for basic use.",Neutral,Sports,2
1767,The performance is poor and the product feels cheaply made. It needs major improvement.,Negative,Kitchen,1
1768,The product has several problems and does not work as advertised. I regret buying it.,Negative,Sports,2
1769,It is an average product. Nothing particularly impressive. It could be improved.,Neutral,Shoes,2
1770,Very bad quality and definitely not worth the money. I would not purchase it again.,Negative,Home Appliances,2
1771,The quality is acceptable for the price. I may consider other options next time.,Neutral,Shoes,3
1772,Very happy with my purchase. The product feels durable and reliable. It is worth the price.,Positive,Furniture,5
1773,The product matches the description and is fairly average. It could be improved.,Neutral,Mobile Accessories,3
1774,Fantastic product with good build quality and smooth performance. I would purchase it again.,Positive,Mobile Accessories,5
1775,Works really well and looks great. Good value for money. I am very satisfied.,Positive,Electronics,4
1776,The product has several problems and does not work as advertised. Customer support did not help much.,Negative,Beauty,2
1777,I would not recommend this product to anyone. It needs major improvement.,Negative,Kitchen,2
1778,"The product is comfortable, reliable, and worth the money. It is worth the price.",Positive,Shoes,4
1779,It is an average product. Nothing particularly impressive. Delivery was normal.,Neutral,Furniture,2
1780,"The product does its basic job, but there is room for improvement. I may consider other options next time.",Neutral,Beauty,2
1781,The product arrived damaged and did not work properly. It needs major improvement.,Negative,Furniture,2
1782,"It is a decent purchase, but I expected slightly more. Delivery was normal.",Neutral,Beauty,2
1783,"Overall, the experience was okay. I may consider other options next time.",Neutral,Books,2
1784,Very happy with my purchase. The product feels durable and reliable. I would purchase it again.,Positive,Books,5
1785,This product exceeded my expectations. I would definitely buy it again. I am very satisfied.,Positive,Electronics,5
1786,Works really well and looks great. Good value for money. Highly recommended.,Positive,Furniture,5
1787,Very bad quality and definitely not worth the money. I regret buying it.,Negative,Shoes,1
1788,The quality is acceptable for the price. I may consider other options next time.,Neutral,Kitchen,2
1789,The product is neither very good nor very bad. It is suitable for basic use.,Neutral,Electronics,2
1790,The product arrived quickly and was exactly as described. The delivery was also good.,Positive,Books,4
1791,I absolutely love this product. The quality is excellent and it works perfectly. Highly recommended.,Positive,Home Appliances,4
1792,The product stopped working after a few days. Not recommended. I would not purchase it again.,Negative,Kitchen,1
1793,It arrived on time and appears to work normally. The experience was acceptable.,Neutral,Furniture,2
1794,Works really well and looks great. Good value for money. The delivery was also good.,Positive,Electronics,4
1795,This product exceeded my expectations. I would definitely buy it again. It is worth the price.,Positive,Furniture,4
1796,The quality is acceptable for the price. The experience was acceptable.,Neutral,Sports,3
1797,Poor experience. The item was faulty and difficult to use. The delivery was also disappointing.,Negative,Home Appliances,1
1798,Works really well and looks great. Good value for money. I would purchase it again.,Positive,Home Appliances,5
1799,"The features are useful, although the performance is average. It is suitable for basic use.",Neutral,Electronics,2
1800,"The product does its basic job, but there is room for improvement. It could be improved.",Neutral,Shoes,2
1801,I would not recommend this product to anyone. It needs major improvement.,Negative,Electronics,1
1802,The product stopped working after a few days. Not recommended. I would not purchase it again.,Negative,Kitchen,1
1803,"The product does its basic job, but there is room for improvement. It could be improved.",Neutral,Mobile Accessories,2
1804,"The product is comfortable, reliable, and worth the money. I am very satisfied.",Positive,Clothing,4
1805,I expected much better quality. This was a disappointing purchase. Customer support did not help much.,Negative,Home Appliances,1
1806,"It is a decent purchase, but I expected slightly more. It is suitable for basic use.",Neutral,Home Appliances,3
1807,"The product is comfortable, reliable, and worth the money. I am very satisfied.",Positive,Furniture,5
1808,I expected much better quality. This was a disappointing purchase. The delivery was also disappointing.,Negative,Clothing,1
1809,"The product does its basic job, but there is room for improvement. It could be improved.",Neutral,Books,3
1810,The product has several problems and does not work as advertised. Customer support did not help much.,Negative,Shoes,1
1811,I expected much better quality. This was a disappointing purchase. It needs major improvement.,Negative,Kitchen,2
1812,I expected much better quality. This was a disappointing purchase. It needs major improvement.,Negative,Sports,2
1813,The product stopped working after a few days. Not recommended. Customer support did not help much.,Negative,Electronics,2
1814,The product stopped working after a few days. Not recommended. The delivery was also disappointing.,Negative,Mobile Accessories,2
1815,"Overall, the experience was okay. It could be improved.",Neutral,Books,2
1816,The performance is poor and the product feels cheaply made. It needs major improvement.,Negative,Clothing,1
1817,"The product is comfortable, reliable, and worth the money. It is worth the price.",Positive,Books,4
1818,The product has several problems and does not work as advertised. The delivery was also disappointing.,Negative,Furniture,2
1819,"It is a decent purchase, but I expected slightly more. It is suitable for basic use.",Neutral,Mobile Accessories,3
1820,Works really well and looks great. Good value for money. I would purchase it again.,Positive,Home Appliances,5
1821,The product is neither very good nor very bad. I may consider other options next time.,Neutral,Home Appliances,3
1822,The product arrived damaged and did not work properly. I would not purchase it again.,Negative,Kitchen,2
1823,I would not recommend this product to anyone. It needs major improvement.,Negative,Clothing,1
1824,I absolutely love this product. The quality is excellent and it works perfectly. I would purchase it again.,Positive,Furniture,4
1825,Very happy with my purchase. The product feels durable and reliable. The delivery was also good.,Positive,Mobile Accessories,4
1826,The product stopped working after a few days. Not recommended. I would not purchase it again.,Negative,Furniture,1
1827,The product matches the description and is fairly average. Delivery was normal.,Neutral,Home Appliances,3
1828,Very bad quality and definitely not worth the money. I would not purchase it again.,Negative,Kitchen,2
1829,"The product is comfortable, reliable, and worth the money. I would purchase it again.",Positive,Books,4
1830,"It is a decent purchase, but I expected slightly more. It could be improved.",Neutral,Home Appliances,2
1831,"Overall, the experience was okay. It is suitable for basic use.",Neutral,Furniture,2
1832,Very bad quality and definitely not worth the money. It needs major improvement.,Negative,Beauty,2
1833,"The product does its basic job, but there is room for improvement. The experience was acceptable.",Neutral,Clothing,3
1834,Great product for the price. Very useful and easy to use. It is worth the price.,Positive,Electronics,4
1835,I would not recommend this product to anyone. I would not purchase it again.,Negative,Furniture,1
1836,I absolutely love this product. The quality is excellent and it works perfectly. Highly recommended.,Positive,Clothing,4
1837,Very happy with my purchase. The product feels durable and reliable. Highly recommended.,Positive,Beauty,5
1838,I absolutely love this product. The quality is excellent and it works perfectly. I am very satisfied.,Positive,Kitchen,5
1839,"The product is comfortable, reliable, and worth the money. Highly recommended.",Positive,Shoes,5
1840,Works really well and looks great. Good value for money. Highly recommended.,Positive,Clothing,5
1841,Works really well and looks great. Good value for money. The delivery was also good.,Positive,Home Appliances,5
1842,The product arrived quickly and was exactly as described. I would purchase it again.,Positive,Shoes,5
1843,Works really well and looks great. Good value for money. Highly recommended.,Positive,Mobile Accessories,5
1844,Excellent quality and amazing performance. Highly recommended. The delivery was also good.,Positive,Clothing,5
1845,Fantastic product with good build quality and smooth performance. Highly recommended.,Positive,Furniture,4
1846,"The product does its basic job, but there is room for improvement. It could be improved.",Neutral,Clothing,2
1847,"The product is comfortable, reliable, and worth the money. Highly recommended.",Positive,Furniture,4
1848,Great product for the price. Very useful and easy to use. It is worth the price.,Positive,Sports,5
1849,The product arrived damaged and did not work properly. I regret buying it.,Negative,Sports,1
1850,"The features are useful, although the performance is average. I may consider other options next time.",Neutral,Beauty,2
1851,The product is neither very good nor very bad. It is suitable for basic use.,Neutral,Shoes,2
1852,Very bad quality and definitely not worth the money. I regret buying it.,Negative,Shoes,2
1853,It is an average product. Nothing particularly impressive. It is suitable for basic use.,Neutral,Books,2
1854,I expected much better quality. This was a disappointing purchase. I would not purchase it again.,Negative,Mobile Accessories,2
1855,"The features are useful, although the performance is average. The experience was acceptable.",Neutral,Mobile Accessories,2
1856,The product is neither very good nor very bad. It could be improved.,Neutral,Home Appliances,2
1857,"The features are useful, although the performance is average. It could be improved.",Neutral,Sports,3
1858,The product is okay and works as expected. It is suitable for basic use.,Neutral,Home Appliances,3
1859,The product matches the description and is fairly average. It is suitable for basic use.,Neutral,Books,2
1860,"Overall, the experience was okay. It is suitable for basic use.",Neutral,Books,2
1861,The product is neither very good nor very bad. It could be improved.,Neutral,Electronics,3
1862,The product arrived quickly and was exactly as described. I would purchase it again.,Positive,Kitchen,4
1863,Very bad quality and definitely not worth the money. I would not purchase it again.,Negative,Electronics,1
1864,The product has several problems and does not work as advertised. It needs major improvement.,Negative,Clothing,1
1865,The product has several problems and does not work as advertised. The delivery was also disappointing.,Negative,Mobile Accessories,1
1866,The product arrived damaged and did not work properly. It needs major improvement.,Negative,Electronics,1
1867,Works really well and looks great. Good value for money. I would purchase it again.,Positive,Books,4
1868,It is an average product. Nothing particularly impressive. It is suitable for basic use.,Neutral,Beauty,3
1869,"The product is comfortable, reliable, and worth the money. It is worth the price.",Positive,Electronics,4
1870,It arrived on time and appears to work normally. The experience was acceptable.,Neutral,Home Appliances,3
1871,I would not recommend this product to anyone. I would not purchase it again.,Negative,Home Appliances,1
1872,I expected much better quality. This was a disappointing purchase. I would not purchase it again.,Negative,Beauty,2
1873,Great product for the price. Very useful and easy to use. I would purchase it again.,Positive,Books,5
1874,The performance is poor and the product feels cheaply made. Customer support did not help much.,Negative,Shoes,1
1875,The product has several problems and does not work as advertised. It needs major improvement.,Negative,Shoes,1
1876,"Overall, the experience was okay. It is suitable for basic use.",Neutral,Clothing,2
1877,"It is a decent purchase, but I expected slightly more. I may consider other options next time.",Neutral,Books,2
1878,The product has several problems and does not work as advertised. Customer support did not help much.,Negative,Kitchen,2
1879,The product is neither very good nor very bad. It is suitable for basic use.,Neutral,Clothing,3
1880,I am disappointed with this product. The quality is very poor. The delivery was also disappointing.,Negative,Shoes,2
1881,The product arrived quickly and was exactly as described. Highly recommended.,Positive,Home Appliances,5
1882,"The features are useful, although the performance is average. The experience was acceptable.",Neutral,Books,3
1883,I am disappointed with this product. The quality is very poor. I would not purchase it again.,Negative,Kitchen,2
1884,"The product does its basic job, but there is room for improvement. It could be improved.",Neutral,Beauty,3
1885,Great product for the price. Very useful and easy to use. I would purchase it again.,Positive,Sports,4
1886,Great product for the price. Very useful and easy to use. I would purchase it again.,Positive,Electronics,4
1887,The product is neither very good nor very bad. It is suitable for basic use.,Neutral,Furniture,2
1888,I absolutely love this product. The quality is excellent and it works perfectly. It is worth the price.,Positive,Beauty,4
1889,The product has several problems and does not work as advertised. It needs major improvement.,Negative,Furniture,2
1890,The product is okay and works as expected. It is suitable for basic use.,Neutral,Mobile Accessories,2
1891,The product is neither very good nor very bad. The experience was acceptable.,Neutral,Clothing,3
1892,Waste of money. The product did not meet my expectations. Customer support did not help much.,Negative,Shoes,1
1893,Waste of money. The product did not meet my expectations. It needs major improvement.,Negative,Mobile Accessories,2
1894,"It is a decent purchase, but I expected slightly more. It could be improved.",Neutral,Beauty,2
1895,The product is neither very good nor very bad. Delivery was normal.,Neutral,Kitchen,2
1896,"The product is comfortable, reliable, and worth the money. I would purchase it again.",Positive,Shoes,5
1897,The product arrived damaged and did not work properly. The delivery was also disappointing.,Negative,Sports,1
1898,"The product is comfortable, reliable, and worth the money. The delivery was also good.",Positive,Mobile Accessories,4
1899,Works really well and looks great. Good value for money. Highly recommended.,Positive,Home Appliances,4
1900,Poor experience. The item was faulty and difficult to use. It needs major improvement.,Negative,Clothing,2
1901,It is an average product. Nothing particularly impressive. I may consider other options next time.,Neutral,Kitchen,3
1902,It is an average product. Nothing particularly impressive. Delivery was normal.,Neutral,Sports,3
1903,The product is okay and works as expected. It is suitable for basic use.,Neutral,Sports,3
1904,"The product is comfortable, reliable, and worth the money. Highly recommended.",Positive,Books,5
1905,Fantastic product with good build quality and smooth performance. Highly recommended.,Positive,Electronics,4
1906,Great product for the price. Very useful and easy to use. I would purchase it again.,Positive,Home Appliances,4
1907,"Overall, the experience was okay. Delivery was normal.",Neutral,Furniture,3
1908,"Overall, the experience was okay. I may consider other options next time.",Neutral,Clothing,2
1909,The product stopped working after a few days. Not recommended. I regret buying it.,Negative,Books,1
1910,Excellent quality and amazing performance. Highly recommended. I would purchase it again.,Positive,Home Appliances,5
1911,I would not recommend this product to anyone. I regret buying it.,Negative,Clothing,1
1912,Works really well and looks great. Good value for money. It is worth the price.,Positive,Shoes,4
1913,The product matches the description and is fairly average. It could be improved.,Neutral,Books,3
1914,It is an average product. Nothing particularly impressive. I may consider other options next time.,Neutral,Shoes,2
1915,This product exceeded my expectations. I would definitely buy it again. It is worth the price.,Positive,Beauty,5
1916,This product exceeded my expectations. I would definitely buy it again. The delivery was also good.,Positive,Shoes,5
1917,The quality is acceptable for the price. It could be improved.,Neutral,Books,3
1918,Excellent quality and amazing performance. Highly recommended. I would purchase it again.,Positive,Shoes,4
1919,Works really well and looks great. Good value for money. I am very satisfied.,Positive,Electronics,5
1920,"The product does its basic job, but there is room for improvement. I may consider other options next time.",Neutral,Kitchen,3
1921,The product arrived damaged and did not work properly. The delivery was also disappointing.,Negative,Books,1
1922,I am satisfied with the quality and the overall experience. I would purchase it again.,Positive,Furniture,5
1923,Fantastic product with good build quality and smooth performance. The delivery was also good.,Positive,Sports,5
1924,It is an average product. Nothing particularly impressive. Delivery was normal.,Neutral,Clothing,3
1925,I would not recommend this product to anyone. I regret buying it.,Negative,Shoes,1
1926,I am disappointed with this product. The quality is very poor. I would not purchase it again.,Negative,Shoes,2
1927,Very happy with my purchase. The product feels durable and reliable. I would purchase it again.,Positive,Clothing,5
1928,Works really well and looks great. Good value for money. It is worth the price.,Positive,Sports,4
1929,The product matches the description and is fairly average. It is suitable for basic use.,Neutral,Clothing,3
1930,The quality is acceptable for the price. I may consider other options next time.,Neutral,Beauty,2
1931,The product is okay and works as expected. It could be improved.,Neutral,Beauty,3
1932,The product arrived damaged and did not work properly. I would not purchase it again.,Negative,Clothing,1
1933,I absolutely love this product. The quality is excellent and it works perfectly. I am very satisfied.,Positive,Kitchen,4
1934,It is an average product. Nothing particularly impressive. It is suitable for basic use.,Neutral,Furniture,3
1935,I absolutely love this product. The quality is excellent and it works perfectly. Highly recommended.,Positive,Kitchen,5
1936,I expected much better quality. This was a disappointing purchase. I regret buying it.,Negative,Kitchen,2
1937,I expected much better quality. This was a disappointing purchase. Customer support did not help much.,Negative,Beauty,1
1938,The product matches the description and is fairly average. It could be improved.,Neutral,Mobile Accessories,3
1939,"The product is comfortable, reliable, and worth the money. I am very satisfied.",Positive,Electronics,5
1940,I absolutely love this product. The quality is excellent and it works perfectly. I am very satisfied.,Positive,Home Appliances,4
1941,"Overall, the experience was okay. The experience was acceptable.",Neutral,Electronics,3
1942,The product stopped working after a few days. Not recommended. I would not purchase it again.,Negative,Sports,2
1943,"It is a decent purchase, but I expected slightly more. Delivery was normal.",Neutral,Clothing,2
1944,I am satisfied with the quality and the overall experience. Highly recommended.,Positive,Beauty,4
1945,Very happy with my purchase. The product feels durable and reliable. It is worth the price.,Positive,Mobile Accessories,5
1946,"The product is comfortable, reliable, and worth the money. I would purchase it again.",Positive,Home Appliances,5
1947,"The product does its basic job, but there is room for improvement. I may consider other options next time.",Neutral,Shoes,3
1948,The product stopped working after a few days. Not recommended. The delivery was also disappointing.,Negative,Kitchen,2
1949,The product arrived damaged and did not work properly. I would not purchase it again.,Negative,Furniture,2
1950,I am satisfied with the quality and the overall experience. The delivery was also good.,Positive,Mobile Accessories,5
1951,Waste of money. The product did not meet my expectations. Customer support did not help much.,Negative,Mobile Accessories,1
1952,"Overall, the experience was okay. Delivery was normal.",Neutral,Electronics,2
1953,"It is a decent purchase, but I expected slightly more. I may consider other options next time.",Neutral,Mobile Accessories,3
1954,Waste of money. The product did not meet my expectations. I would not purchase it again.,Negative,Furniture,1
1955,The product matches the description and is fairly average. Delivery was normal.,Neutral,Sports,3
1956,Works really well and looks great. Good value for money. I would purchase it again.,Positive,Shoes,5
1957,The product arrived damaged and did not work properly. I would not purchase it again.,Negative,Shoes,2
1958,I expected much better quality. This was a disappointing purchase. Customer support did not help much.,Negative,Clothing,1
1959,Waste of money. The product did not meet my expectations. It needs major improvement.,Negative,Clothing,2
1960,Very bad quality and definitely not worth the money. I would not purchase it again.,Negative,Beauty,1
1961,I am satisfied with the quality and the overall experience. The delivery was also good.,Positive,Shoes,4
1962,I am disappointed with this product. The quality is very poor. The delivery was also disappointing.,Negative,Home Appliances,1
1963,I absolutely love this product. The quality is excellent and it works perfectly. It is worth the price.,Positive,Electronics,4
1964,The product has several problems and does not work as advertised. It needs major improvement.,Negative,Kitchen,1
1965,"The features are useful, although the performance is average. The experience was acceptable.",Neutral,Clothing,2
1966,Works really well and looks great. Good value for money. I would purchase it again.,Positive,Beauty,4
1967,I expected much better quality. This was a disappointing purchase. I regret buying it.,Negative,Home Appliances,2
1968,Very bad quality and definitely not worth the money. The delivery was also disappointing.,Negative,Shoes,2
1969,The product arrived damaged and did not work properly. The delivery was also disappointing.,Negative,Sports,2
1970,"The features are useful, although the performance is average. The experience was acceptable.",Neutral,Shoes,3
1971,I am satisfied with the quality and the overall experience. I am very satisfied.,Positive,Clothing,4
1972,The quality is acceptable for the price. The experience was acceptable.,Neutral,Beauty,2
1973,I am disappointed with this product. The quality is very poor. I regret buying it.,Negative,Shoes,2
1974,I am disappointed with this product. The quality is very poor. It needs major improvement.,Negative,Clothing,1
1975,The product has several problems and does not work as advertised. It needs major improvement.,Negative,Furniture,1
1976,The product arrived quickly and was exactly as described. I would purchase it again.,Positive,Books,5
1977,Very bad quality and definitely not worth the money. I regret buying it.,Negative,Shoes,1
1978,"The features are useful, although the performance is average. The experience was acceptable.",Neutral,Furniture,3
1979,"The product is comfortable, reliable, and worth the money. I would purchase it again.",Positive,Beauty,5
1980,It arrived on time and appears to work normally. I may consider other options next time.,Neutral,Shoes,2
1981,Waste of money. The product did not meet my expectations. I regret buying it.,Negative,Kitchen,1
1982,I am satisfied with the quality and the overall experience. I would purchase it again.,Positive,Books,5
1983,It arrived on time and appears to work normally. I may consider other options next time.,Neutral,Home Appliances,2
1984,Waste of money. The product did not meet my expectations. Customer support did not help much.,Negative,Shoes,1
1985,I am disappointed with this product. The quality is very poor. I regret buying it.,Negative,Sports,1
1986,The product is neither very good nor very bad. Delivery was normal.,Neutral,Books,3
1987,The product arrived quickly and was exactly as described. Highly recommended.,Positive,Home Appliances,4
1988,It is an average product. Nothing particularly impressive. Delivery was normal.,Neutral,Mobile Accessories,3
1989,Fantastic product with good build quality and smooth performance. The delivery was also good.,Positive,Sports,4
1990,"It is a decent purchase, but I expected slightly more. Delivery was normal.",Neutral,Home Appliances,2
1991,"The product is comfortable, reliable, and worth the money. It is worth the price.",Positive,Home Appliances,5
1992,"The product is comfortable, reliable, and worth the money. It is worth the price.",Positive,Sports,4
1993,Excellent quality and amazing performance. Highly recommended. I would purchase it again.,Positive,Furniture,4
1994,"The features are useful, although the performance is average. It could be improved.",Neutral,Electronics,2
1995,"Overall, the experience was okay. Delivery was normal.",Neutral,Sports,2
1996,The product is okay and works as expected. It could be improved.,Neutral,Clothing,3
1997,Great product for the price. Very useful and easy to use. I am very satisfied.,Positive,Shoes,4
1998,This product exceeded my expectations. I would definitely buy it again. I am very satisfied.,Positive,Home Appliances,5
1999,The product arrived damaged and did not work properly. I would not purchase it again.,Negative,Kitchen,2
2000,The product stopped working after a few days. Not recommended. I would not purchase it again.,Negative,Home Appliances,1
2001,The quality is acceptable for the price. The experience was acceptable.,Neutral,Sports,3
2002,The product stopped working after a few days. Not recommended. I would not purchase it again.,Negative,Furniture,2
2003,I expected much better quality. This was a disappointing purchase. I regret buying it.,Negative,Electronics,1
2004,The product stopped working after a few days. Not recommended. I would not purchase it again.,Negative,Kitchen,2
2005,This product exceeded my expectations. I would definitely buy it again. It is worth the price.,Positive,Mobile Accessories,4
2006,"The features are useful, although the performance is average. Delivery was normal.",Neutral,Beauty,2
2007,"The features are useful, although the performance is average. The experience was acceptable.",Neutral,Books,2
2008,Very happy with my purchase. The product feels durable and reliable. The delivery was also good.,Positive,Shoes,4
2009,"The product does its basic job, but there is room for improvement. Delivery was normal.",Neutral,Electronics,2
2010,"Overall, the experience was okay. It is suitable for basic use.",Neutral,Beauty,2
2011,I expected much better quality. This was a disappointing purchase. I regret buying it.,Negative,Sports,2
2012,Very bad quality and definitely not worth the money. I regret buying it.,Negative,Home Appliances,2
2013,The product matches the description and is fairly average. It is suitable for basic use.,Neutral,Clothing,2
2014,The product arrived damaged and did not work properly. I regret buying it.,Negative,Clothing,1
2015,"Overall, the experience was okay. I may consider other options next time.",Neutral,Home Appliances,3
2016,The product is neither very good nor very bad. I may consider other options next time.,Neutral,Home Appliances,3
2017,"The features are useful, although the performance is average. It could be improved.",Neutral,Books,2
2018,"The features are useful, although the performance is average. It is suitable for basic use.",Neutral,Shoes,3
2019,Poor experience. The item was faulty and difficult to use. I would not purchase it again.,Negative,Books,2
2020,The product arrived damaged and did not work properly. Customer support did not help much.,Negative,Shoes,1
2021,Poor experience. The item was faulty and difficult to use. Customer support did not help much.,Negative,Sports,2
2022,I absolutely love this product. The quality is excellent and it works perfectly. I would purchase it again.,Positive,Clothing,4
2023,The performance is poor and the product feels cheaply made. I would not purchase it again.,Negative,Kitchen,1
2024,Poor experience. The item was faulty and difficult to use. Customer support did not help much.,Negative,Furniture,2
2025,The product arrived quickly and was exactly as described. The delivery was also good.,Positive,Mobile Accessories,5
2026,Very bad quality and definitely not worth the money. Customer support did not help much.,Negative,Books,2
2027,The product is okay and works as expected. The experience was acceptable.,Neutral,Books,2
2028,The product is neither very good nor very bad. I may consider other options next time.,Neutral,Books,3
2029,This product exceeded my expectations. I would definitely buy it again. I am very satisfied.,Positive,Mobile Accessories,4
2030,"It is a decent purchase, but I expected slightly more. Delivery was normal.",Neutral,Mobile Accessories,2
2031,The product is neither very good nor very bad. I may consider other options next time.,Neutral,Sports,2
2032,Works really well and looks great. Good value for money. The delivery was also good.,Positive,Beauty,4
2033,Very happy with my purchase. The product feels durable and reliable. Highly recommended.,Positive,Home Appliances,4
2034,I expected much better quality. This was a disappointing purchase. I would not purchase it again.,Negative,Books,2
2035,I expected much better quality. This was a disappointing purchase. Customer support did not help much.,Negative,Sports,2
2036,I would not recommend this product to anyone. I would not purchase it again.,Negative,Kitchen,2
2037,Excellent quality and amazing performance. Highly recommended. The delivery was also good.,Positive,Books,4
2038,"The features are useful, although the performance is average. The experience was acceptable.",Neutral,Beauty,3
2039,The product has several problems and does not work as advertised. I regret buying it.,Negative,Kitchen,2
2040,The product matches the description and is fairly average. It is suitable for basic use.,Neutral,Furniture,2
2041,Fantastic product with good build quality and smooth performance. It is worth the price.,Positive,Sports,4
2042,This product exceeded my expectations. I would definitely buy it again. Highly recommended.,Positive,Mobile Accessories,4
2043,I am disappointed with this product. The quality is very poor. Customer support did not help much.,Negative,Sports,1
2044,The product arrived quickly and was exactly as described. It is worth the price.,Positive,Mobile Accessories,5
2045,Waste of money. The product did not meet my expectations. Customer support did not help much.,Negative,Electronics,2
2046,The product arrived quickly and was exactly as described. I am very satisfied.,Positive,Kitchen,4
2047,Very bad quality and definitely not worth the money. It needs major improvement.,Negative,Beauty,1
2048,Excellent quality and amazing performance. Highly recommended. It is worth the price.,Positive,Kitchen,5
2049,The product arrived quickly and was exactly as described. I would purchase it again.,Positive,Kitchen,5
2050,I expected much better quality. This was a disappointing purchase. It needs major improvement.,Negative,Clothing,2
2051,I absolutely love this product. The quality is excellent and it works perfectly. It is worth the price.,Positive,Sports,4
2052,I expected much better quality. This was a disappointing purchase. The delivery was also disappointing.,Negative,Books,1
2053,It arrived on time and appears to work normally. Delivery was normal.,Neutral,Beauty,2
2054,"The product is comfortable, reliable, and worth the money. The delivery was also good.",Positive,Clothing,4
2055,I am disappointed with this product. The quality is very poor. The delivery was also disappointing.,Negative,Furniture,1
2056,The product arrived quickly and was exactly as described. It is worth the price.,Positive,Electronics,4
2057,Works really well and looks great. Good value for money. It is worth the price.,Positive,Home Appliances,5
2058,It is an average product. Nothing particularly impressive. I may consider other options next time.,Neutral,Clothing,3
2059,The product arrived damaged and did not work properly. The delivery was also disappointing.,Negative,Mobile Accessories,1
2060,It is an average product. Nothing particularly impressive. I may consider other options next time.,Neutral,Electronics,3
2061,I expected much better quality. This was a disappointing purchase. Customer support did not help much.,Negative,Kitchen,1
2062,The product is okay and works as expected. I may consider other options next time.,Neutral,Electronics,2
2063,The quality is acceptable for the price. Delivery was normal.,Neutral,Furniture,2
2064,Excellent quality and amazing performance. Highly recommended. The delivery was also good.,Positive,Furniture,5
2065,The product is neither very good nor very bad. Delivery was normal.,Neutral,Clothing,3
2066,"The product does its basic job, but there is room for improvement. It is suitable for basic use.",Neutral,Kitchen,3
2067,Very happy with my purchase. The product feels durable and reliable. Highly recommended.,Positive,Clothing,4
2068,"The features are useful, although the performance is average. It is suitable for basic use.",Neutral,Electronics,3
2069,Fantastic product with good build quality and smooth performance. It is worth the price.,Positive,Electronics,5
2070,I absolutely love this product. The quality is excellent and it works perfectly. Highly recommended.,Positive,Shoes,5
2071,Waste of money. The product did not meet my expectations. It needs major improvement.,Negative,Electronics,1
2072,I am satisfied with the quality and the overall experience. I am very satisfied.,Positive,Kitchen,5
2073,The product stopped working after a few days. Not recommended. The delivery was also disappointing.,Negative,Sports,2
2074,Very bad quality and definitely not worth the money. I would not purchase it again.,Negative,Furniture,1
2075,"The features are useful, although the performance is average. The experience was acceptable.",Neutral,Furniture,2
2076,I expected much better quality. This was a disappointing purchase. I regret buying it.,Negative,Mobile Accessories,1
2077,The product matches the description and is fairly average. It is suitable for basic use.,Neutral,Electronics,2
2078,It arrived on time and appears to work normally. It is suitable for basic use.,Neutral,Kitchen,2
2079,It arrived on time and appears to work normally. It is suitable for basic use.,Neutral,Mobile Accessories,3
2080,Poor experience. The item was faulty and difficult to use. The delivery was also disappointing.,Negative,Electronics,2
2081,"Overall, the experience was okay. I may consider other options next time.",Neutral,Furniture,3
2082,The product arrived quickly and was exactly as described. The delivery was also good.,Positive,Home Appliances,5
2083,"The product does its basic job, but there is room for improvement. It could be improved.",Neutral,Clothing,3
2084,I expected much better quality. This was a disappointing purchase. It needs major improvement.,Negative,Furniture,2
2085,"It is a decent purchase, but I expected slightly more. Delivery was normal.",Neutral,Kitchen,3
2086,I expected much better quality. This was a disappointing purchase. The delivery was also disappointing.,Negative,Furniture,1
2087,The performance is poor and the product feels cheaply made. It needs major improvement.,Negative,Books,2
2088,"Overall, the experience was okay. It is suitable for basic use.",Neutral,Home Appliances,2
2089,It arrived on time and appears to work normally. It could be improved.,Neutral,Mobile Accessories,3
2090,Very happy with my purchase. The product feels durable and reliable. I am very satisfied.,Positive,Clothing,5
2091,"It is a decent purchase, but I expected slightly more. Delivery was normal.",Neutral,Sports,3
2092,I expected much better quality. This was a disappointing purchase. Customer support did not help much.,Negative,Kitchen,1
2093,I would not recommend this product to anyone. It needs major improvement.,Negative,Clothing,2
2094,"Overall, the experience was okay. It could be improved.",Neutral,Beauty,2
2095,The performance is poor and the product feels cheaply made. It needs major improvement.,Negative,Shoes,1
2096,Works really well and looks great. Good value for money. It is worth the price.,Positive,Clothing,5
2097,The product arrived quickly and was exactly as described. Highly recommended.,Positive,Mobile Accessories,4
2098,Poor experience. The item was faulty and difficult to use. Customer support did not help much.,Negative,Books,2
2099,"The product is comfortable, reliable, and worth the money. The delivery was also good.",Positive,Shoes,5
2100,The product matches the description and is fairly average. The experience was acceptable.,Neutral,Beauty,3
2101,"Overall, the experience was okay. It could be improved.",Neutral,Furniture,2
2102,The performance is poor and the product feels cheaply made. Customer support did not help much.,Negative,Shoes,1
2103,I would not recommend this product to anyone. I would not purchase it again.,Negative,Shoes,2
2104,"The product does its basic job, but there is room for improvement. Delivery was normal.",Neutral,Shoes,3
2105,The product is neither very good nor very bad. I may consider other options next time.,Neutral,Home Appliances,2
2106,The quality is acceptable for the price. Delivery was normal.,Neutral,Books,3
2107,Waste of money. The product did not meet my expectations. The delivery was also disappointing.,Negative,Sports,1
2108,The product has several problems and does not work as advertised. The delivery was also disappointing.,Negative,Furniture,1
2109,Fantastic product with good build quality and smooth performance. Highly recommended.,Positive,Books,4
2110,"Overall, the experience was okay. It is suitable for basic use.",Neutral,Shoes,2
2111,I am satisfied with the quality and the overall experience. Highly recommended.,Positive,Home Appliances,5
2112,I would not recommend this product to anyone. I regret buying it.,Negative,Home Appliances,2
2113,The product arrived damaged and did not work properly. The delivery was also disappointing.,Negative,Beauty,2
2114,"It is a decent purchase, but I expected slightly more. Delivery was normal.",Neutral,Home Appliances,3
2115,"Overall, the experience was okay. The experience was acceptable.",Neutral,Books,2
2116,The performance is poor and the product feels cheaply made. Customer support did not help much.,Negative,Electronics,1
2117,"It is a decent purchase, but I expected slightly more. I may consider other options next time.",Neutral,Furniture,3
2118,I am disappointed with this product. The quality is very poor. The delivery was also disappointing.,Negative,Shoes,1
2119,Very bad quality and definitely not worth the money. I would not purchase it again.,Negative,Electronics,1
2120,The product is neither very good nor very bad. The experience was acceptable.,Neutral,Sports,3
2121,Works really well and looks great. Good value for money. The delivery was also good.,Positive,Books,5
2122,It arrived on time and appears to work normally. I may consider other options next time.,Neutral,Mobile Accessories,3
2123,The product stopped working after a few days. Not recommended. Customer support did not help much.,Negative,Clothing,2
2124,The performance is poor and the product feels cheaply made. It needs major improvement.,Negative,Shoes,1
2125,It is an average product. Nothing particularly impressive. I may consider other options next time.,Neutral,Sports,3
2126,The product is neither very good nor very bad. It is suitable for basic use.,Neutral,Electronics,2
2127,Works really well and looks great. Good value for money. I am very satisfied.,Positive,Mobile Accessories,5
2128,I would not recommend this product to anyone. It needs major improvement.,Negative,Sports,2
2129,I am disappointed with this product. The quality is very poor. It needs major improvement.,Negative,Books,2
2130,I absolutely love this product. The quality is excellent and it works perfectly. It is worth the price.,Positive,Mobile Accessories,5
2131,Great product for the price. Very useful and easy to use. The delivery was also good.,Positive,Beauty,5
2132,Poor experience. The item was faulty and difficult to use. The delivery was also disappointing.,Negative,Mobile Accessories,2
2133,Fantastic product with good build quality and smooth performance. I would purchase it again.,Positive,Electronics,5
2134,The product is neither very good nor very bad. It could be improved.,Neutral,Books,2
2135,The product is okay and works as expected. Delivery was normal.,Neutral,Books,2
2136,The quality is acceptable for the price. The experience was acceptable.,Neutral,Clothing,3
2137,Fantastic product with good build quality and smooth performance. The delivery was also good.,Positive,Beauty,4
2138,This product exceeded my expectations. I would definitely buy it again. The delivery was also good.,Positive,Mobile Accessories,4
2139,The performance is poor and the product feels cheaply made. The delivery was also disappointing.,Negative,Kitchen,1
2140,I am disappointed with this product. The quality is very poor. It needs major improvement.,Negative,Beauty,2
2141,Excellent quality and amazing performance. Highly recommended. I am very satisfied.,Positive,Furniture,4
2142,Excellent quality and amazing performance. Highly recommended. It is worth the price.,Positive,Kitchen,4
2143,Works really well and looks great. Good value for money. Highly recommended.,Positive,Sports,5
2144,I am satisfied with the quality and the overall experience. The delivery was also good.,Positive,Clothing,5
2145,I am satisfied with the quality and the overall experience. I would purchase it again.,Positive,Furniture,4
2146,I am disappointed with this product. The quality is very poor. I regret buying it.,Negative,Shoes,1
2147,I am disappointed with this product. The quality is very poor. The delivery was also disappointing.,Negative,Mobile Accessories,2
2148,"Overall, the experience was okay. It could be improved.",Neutral,Home Appliances,3
2149,The product arrived damaged and did not work properly. I regret buying it.,Negative,Furniture,1
2150,"The features are useful, although the performance is average. Delivery was normal.",Neutral,Kitchen,2
2151,I expected much better quality. This was a disappointing purchase. I would not purchase it again.,Negative,Shoes,2
2152,"The product is comfortable, reliable, and worth the money. I would purchase it again.",Positive,Beauty,5
2153,The product arrived quickly and was exactly as described. I would purchase it again.,Positive,Shoes,4
2154,"Overall, the experience was okay. The experience was acceptable.",Neutral,Shoes,3
2155,"The product is comfortable, reliable, and worth the money. The delivery was also good.",Positive,Electronics,5
2156,I expected much better quality. This was a disappointing purchase. I would not purchase it again.,Negative,Kitchen,2
2157,The product is okay and works as expected. I may consider other options next time.,Neutral,Books,2
2158,Works really well and looks great. Good value for money. It is worth the price.,Positive,Home Appliances,4
2159,Great product for the price. Very useful and easy to use. It is worth the price.,Positive,Clothing,4
2160,"It is a decent purchase, but I expected slightly more. Delivery was normal.",Neutral,Clothing,2
2161,Great product for the price. Very useful and easy to use. I am very satisfied.,Positive,Clothing,4
2162,I am satisfied with the quality and the overall experience. Highly recommended.,Positive,Mobile Accessories,4
2163,It arrived on time and appears to work normally. I may consider other options next time.,Neutral,Mobile Accessories,3
2164,The product arrived quickly and was exactly as described. Highly recommended.,Positive,Clothing,5
2165,Excellent quality and amazing performance. Highly recommended. It is worth the price.,Positive,Books,5
2166,The product is neither very good nor very bad. It could be improved.,Neutral,Clothing,2
2167,The product arrived quickly and was exactly as described. I would purchase it again.,Positive,Books,5
2168,Works really well and looks great. Good value for money. It is worth the price.,Positive,Mobile Accessories,4
2169,The product matches the description and is fairly average. I may consider other options next time.,Neutral,Clothing,3
2170,Fantastic product with good build quality and smooth performance. I am very satisfied.,Positive,Furniture,4
2171,Waste of money. The product did not meet my expectations. I regret buying it.,Negative,Sports,2
2172,"The product does its basic job, but there is room for improvement. I may consider other options next time.",Neutral,Books,2
2173,The performance is poor and the product feels cheaply made. I would not purchase it again.,Negative,Beauty,2
2174,"Overall, the experience was okay. The experience was acceptable.",Neutral,Sports,2
2175,"The product does its basic job, but there is room for improvement. It could be improved.",Neutral,Mobile Accessories,3
2176,The product arrived damaged and did not work properly. The delivery was also disappointing.,Negative,Mobile Accessories,2
2177,The product arrived damaged and did not work properly. The delivery was also disappointing.,Negative,Kitchen,2
2178,I would not recommend this product to anyone. Customer support did not help much.,Negative,Clothing,1
2179,The product is okay and works as expected. I may consider other options next time.,Neutral,Kitchen,3
2180,I am disappointed with this product. The quality is very poor. The delivery was also disappointing.,Negative,Books,1
2181,"It is a decent purchase, but I expected slightly more. I may consider other options next time.",Neutral,Kitchen,3
2182,It arrived on time and appears to work normally. It could be improved.,Neutral,Mobile Accessories,2
2183,The product is neither very good nor very bad. Delivery was normal.,Neutral,Clothing,2
2184,It is an average product. Nothing particularly impressive. The experience was acceptable.,Neutral,Electronics,2
2185,The product arrived quickly and was exactly as described. I am very satisfied.,Positive,Mobile Accessories,4
2186,The performance is poor and the product feels cheaply made. Customer support did not help much.,Negative,Kitchen,1
2187,The product is neither very good nor very bad. It is suitable for basic use.,Neutral,Mobile Accessories,2
2188,Works really well and looks great. Good value for money. Highly recommended.,Positive,Kitchen,5
2189,I would not recommend this product to anyone. I regret buying it.,Negative,Sports,2
2190,"The features are useful, although the performance is average. It could be improved.",Neutral,Kitchen,3
2191,The product stopped working after a few days. Not recommended. I would not purchase it again.,Negative,Kitchen,2
2192,I am satisfied with the quality and the overall experience. I would purchase it again.,Positive,Home Appliances,5
2193,I absolutely love this product. The quality is excellent and it works perfectly. The delivery was also good.,Positive,Books,5
2194,I am disappointed with this product. The quality is very poor. It needs major improvement.,Negative,Kitchen,1
2195,Waste of money. The product did not meet my expectations. It needs major improvement.,Negative,Kitchen,2
2196,The product arrived damaged and did not work properly. The delivery was also disappointing.,Negative,Shoes,1
2197,I absolutely love this product. The quality is excellent and it works perfectly. I would purchase it again.,Positive,Home Appliances,5
2198,Excellent quality and amazing performance. Highly recommended. I am very satisfied.,Positive,Sports,5
2199,I would not recommend this product to anyone. Customer support did not help much.,Negative,Shoes,1
2200,"It is a decent purchase, but I expected slightly more. The experience was acceptable.",Neutral,Books,3
2201,I would not recommend this product to anyone. The delivery was also disappointing.,Negative,Furniture,1
2202,It arrived on time and appears to work normally. It could be improved.,Neutral,Books,3
2203,The product stopped working after a few days. Not recommended. The delivery was also disappointing.,Negative,Mobile Accessories,1
2204,The product stopped working after a few days. Not recommended. Customer support did not help much.,Negative,Furniture,1
2205,I am disappointed with this product. The quality is very poor. It needs major improvement.,Negative,Shoes,1
2206,Very happy with my purchase. The product feels durable and reliable. It is worth the price.,Positive,Clothing,4
2207,The quality is acceptable for the price. It is suitable for basic use.,Neutral,Electronics,2
2208,Waste of money. The product did not meet my expectations. It needs major improvement.,Negative,Home Appliances,2
2209,I would not recommend this product to anyone. I would not purchase it again.,Negative,Books,1
2210,I would not recommend this product to anyone. Customer support did not help much.,Negative,Home Appliances,1
2211,The quality is acceptable for the price. It is suitable for basic use.,Neutral,Clothing,3
2212,I absolutely love this product. The quality is excellent and it works perfectly. I am very satisfied.,Positive,Shoes,5
2213,"The features are useful, although the performance is average. It is suitable for basic use.",Neutral,Home Appliances,2
2214,"It is a decent purchase, but I expected slightly more. It could be improved.",Neutral,Furniture,2
2215,It is an average product. Nothing particularly impressive. It could be improved.,Neutral,Books,3
2216,Very happy with my purchase. The product feels durable and reliable. The delivery was also good.,Positive,Beauty,5
2217,It is an average product. Nothing particularly impressive. It is suitable for basic use.,Neutral,Sports,3
2218,The product arrived damaged and did not work properly. Customer support did not help much.,Negative,Kitchen,1
2219,This product exceeded my expectations. I would definitely buy it again. I would purchase it again.,Positive,Mobile Accessories,5
2220,I am disappointed with this product. The quality is very poor. I regret buying it.,Negative,Kitchen,1
2221,I absolutely love this product. The quality is excellent and it works perfectly. The delivery was also good.,Positive,Home Appliances,4
2222,"The product is comfortable, reliable, and worth the money. The delivery was also good.",Positive,Electronics,4
2223,I am satisfied with the quality and the overall experience. Highly recommended.,Positive,Furniture,5
2224,Works really well and looks great. Good value for money. The delivery was also good.,Positive,Furniture,4
2225,Excellent quality and amazing performance. Highly recommended. I am very satisfied.,Positive,Clothing,5
2226,Very happy with my purchase. The product feels durable and reliable. The delivery was also good.,Positive,Mobile Accessories,5
2227,The product arrived quickly and was exactly as described. It is worth the price.,Positive,Sports,4
2228,I am disappointed with this product. The quality is very poor. I would not purchase it again.,Negative,Mobile Accessories,1
2229,"The features are useful, although the performance is average. It could be improved.",Neutral,Kitchen,3
2230,Very bad quality and definitely not worth the money. It needs major improvement.,Negative,Sports,2
2231,This product exceeded my expectations. I would definitely buy it again. The delivery was also good.,Positive,Books,5
2232,Very bad quality and definitely not worth the money. It needs major improvement.,Negative,Home Appliances,2
2233,It arrived on time and appears to work normally. It could be improved.,Neutral,Shoes,3
2234,It arrived on time and appears to work normally. I may consider other options next time.,Neutral,Beauty,3
2235,Great product for the price. Very useful and easy to use. Highly recommended.,Positive,Furniture,5
2236,I absolutely love this product. The quality is excellent and it works perfectly. I am very satisfied.,Positive,Mobile Accessories,4
2237,Fantastic product with good build quality and smooth performance. I would purchase it again.,Positive,Clothing,5
2238,It is an average product. Nothing particularly impressive. The experience was acceptable.,Neutral,Clothing,2
2239,The product matches the description and is fairly average. The experience was acceptable.,Neutral,Kitchen,2
2240,I expected much better quality. This was a disappointing purchase. I regret buying it.,Negative,Beauty,1
2241,"It is a decent purchase, but I expected slightly more. I may consider other options next time.",Neutral,Books,3
2242,"It is a decent purchase, but I expected slightly more. Delivery was normal.",Neutral,Books,3
2243,"Overall, the experience was okay. Delivery was normal.",Neutral,Shoes,3
2244,The quality is acceptable for the price. It is suitable for basic use.,Neutral,Kitchen,2
2245,Excellent quality and amazing performance. Highly recommended. I am very satisfied.,Positive,Shoes,5
2246,"The product does its basic job, but there is room for improvement. The experience was acceptable.",Neutral,Furniture,3
2247,The product has several problems and does not work as advertised. Customer support did not help much.,Negative,Beauty,2
2248,Fantastic product with good build quality and smooth performance. I would purchase it again.,Positive,Books,4
2249,The quality is acceptable for the price. Delivery was normal.,Neutral,Beauty,2
2250,The product has several problems and does not work as advertised. Customer support did not help much.,Negative,Mobile Accessories,1
2251,I am satisfied with the quality and the overall experience. It is worth the price.,Positive,Clothing,5
2252,The product arrived damaged and did not work properly. The delivery was also disappointing.,Negative,Clothing,2
2253,"The product is comfortable, reliable, and worth the money. I am very satisfied.",Positive,Furniture,5
2254,Excellent quality and amazing performance. Highly recommended. The delivery was also good.,Positive,Beauty,5
2255,Very happy with my purchase. The product feels durable and reliable. I am very satisfied.,Positive,Furniture,4
2256,The product is neither very good nor very bad. I may consider other options next time.,Neutral,Mobile Accessories,2
2257,Great product for the price. Very useful and easy to use. I am very satisfied.,Positive,Furniture,4
2258,"Overall, the experience was okay. It is suitable for basic use.",Neutral,Furniture,3
2259,"The product is comfortable, reliable, and worth the money. I am very satisfied.",Positive,Mobile Accessories,4
2260,I am satisfied with the quality and the overall experience. It is worth the price.,Positive,Shoes,4
2261,The product is neither very good nor very bad. Delivery was normal.,Neutral,Clothing,3
2262,"It is a decent purchase, but I expected slightly more. It could be improved.",Neutral,Beauty,3
2263,The product arrived damaged and did not work properly. I would not purchase it again.,Negative,Furniture,1
2264,The product arrived quickly and was exactly as described. I am very satisfied.,Positive,Mobile Accessories,4
2265,Waste of money. The product did not meet my expectations. I regret buying it.,Negative,Sports,2
2266,Poor experience. The item was faulty and difficult to use. The delivery was also disappointing.,Negative,Mobile Accessories,1
2267,Excellent quality and amazing performance. Highly recommended. I would purchase it again.,Positive,Clothing,5
2268,Waste of money. The product did not meet my expectations. I regret buying it.,Negative,Clothing,2
2269,Great product for the price. Very useful and easy to use. I am very satisfied.,Positive,Shoes,4
2270,It arrived on time and appears to work normally. It could be improved.,Neutral,Sports,3
2271,Poor experience. The item was faulty and difficult to use. I regret buying it.,Negative,Home Appliances,2
2272,Works really well and looks great. Good value for money. The delivery was also good.,Positive,Home Appliances,4
2273,"It is a decent purchase, but I expected slightly more. It could be improved.",Neutral,Beauty,2
2274,The product arrived damaged and did not work properly. I regret buying it.,Negative,Shoes,1
2275,Poor experience. The item was faulty and difficult to use. Customer support did not help much.,Negative,Clothing,2
2276,Fantastic product with good build quality and smooth performance. The delivery was also good.,Positive,Clothing,5
2277,The product arrived quickly and was exactly as described. The delivery was also good.,Positive,Sports,5
2278,The product arrived damaged and did not work properly. I would not purchase it again.,Negative,Home Appliances,2
2279,The product stopped working after a few days. Not recommended. It needs major improvement.,Negative,Home Appliances,1
2280,Great product for the price. Very useful and easy to use. The delivery was also good.,Positive,Mobile Accessories,5
2281,Fantastic product with good build quality and smooth performance. It is worth the price.,Positive,Home Appliances,5
2282,"The features are useful, although the performance is average. It is suitable for basic use.",Neutral,Furniture,3
2283,The product stopped working after a few days. Not recommended. It needs major improvement.,Negative,Beauty,2
2284,Fantastic product with good build quality and smooth performance. I am very satisfied.,Positive,Sports,5
2285,Works really well and looks great. Good value for money. It is worth the price.,Positive,Beauty,5
2286,"It is a decent purchase, but I expected slightly more. Delivery was normal.",Neutral,Beauty,3
2287,Very bad quality and definitely not worth the money. I would not purchase it again.,Negative,Beauty,1
2288,Great product for the price. Very useful and easy to use. I would purchase it again.,Positive,Home Appliances,5
2289,It is an average product. Nothing particularly impressive. Delivery was normal.,Neutral,Beauty,3
2290,Poor experience. The item was faulty and difficult to use. I regret buying it.,Negative,Mobile Accessories,2
2291,The product is okay and works as expected. The experience was acceptable.,Neutral,Clothing,2
2292,Poor experience. The item was faulty and difficult to use. I regret buying it.,Negative,Mobile Accessories,1
2293,The product stopped working after a few days. Not recommended. The delivery was also disappointing.,Negative,Electronics,1
2294,Fantastic product with good build quality and smooth performance. The delivery was also good.,Positive,Kitchen,4
2295,The performance is poor and the product feels cheaply made. I regret buying it.,Negative,Mobile Accessories,2
2296,Works really well and looks great. Good value for money. I am very satisfied.,Positive,Beauty,4
2297,The product arrived damaged and did not work properly. I regret buying it.,Negative,Home Appliances,1
2298,The product has several problems and does not work as advertised. Customer support did not help much.,Negative,Books,2
2299,"The product does its basic job, but there is room for improvement. The experience was acceptable.",Neutral,Mobile Accessories,3
2300,Excellent quality and amazing performance. Highly recommended. I am very satisfied.,Positive,Kitchen,5
2301,This product exceeded my expectations. I would definitely buy it again. I would purchase it again.,Positive,Home Appliances,5
2302,Works really well and looks great. Good value for money. Highly recommended.,Positive,Electronics,5
2303,Waste of money. The product did not meet my expectations. Customer support did not help much.,Negative,Home Appliances,1
2304,"It is a decent purchase, but I expected slightly more. I may consider other options next time.",Neutral,Furniture,2
2305,Very happy with my purchase. The product feels durable and reliable. I am very satisfied.,Positive,Books,5
2306,I am satisfied with the quality and the overall experience. I would purchase it again.,Positive,Mobile Accessories,4
2307,I am disappointed with this product. The quality is very poor. I regret buying it.,Negative,Sports,1
2308,I am satisfied with the quality and the overall experience. I would purchase it again.,Positive,Kitchen,4
2309,I am satisfied with the quality and the overall experience. I would purchase it again.,Positive,Clothing,5
2310,Works really well and looks great. Good value for money. The delivery was also good.,Positive,Books,4
2311,The product arrived damaged and did not work properly. I would not purchase it again.,Negative,Kitchen,2
2312,The quality is acceptable for the price. It could be improved.,Neutral,Electronics,3
2313,I would not recommend this product to anyone. The delivery was also disappointing.,Negative,Books,2
2314,I would not recommend this product to anyone. It needs major improvement.,Negative,Electronics,2
2315,The product has several problems and does not work as advertised. Customer support did not help much.,Negative,Beauty,2
2316,I am disappointed with this product. The quality is very poor. It needs major improvement.,Negative,Shoes,1
2317,I expected much better quality. This was a disappointing purchase. Customer support did not help much.,Negative,Mobile Accessories,2
2318,Great product for the price. Very useful and easy to use. The delivery was also good.,Positive,Home Appliances,5
2319,It is an average product. Nothing particularly impressive. It is suitable for basic use.,Neutral,Books,3
2320,"The product is comfortable, reliable, and worth the money. The delivery was also good.",Positive,Beauty,4
2321,I would not recommend this product to anyone. Customer support did not help much.,Negative,Mobile Accessories,2
2322,Poor experience. The item was faulty and difficult to use. Customer support did not help much.,Negative,Home Appliances,1
2323,The performance is poor and the product feels cheaply made. Customer support did not help much.,Negative,Mobile Accessories,1
2324,The quality is acceptable for the price. Delivery was normal.,Neutral,Kitchen,3
2325,"It is a decent purchase, but I expected slightly more. It is suitable for basic use.",Neutral,Books,2
2326,Very happy with my purchase. The product feels durable and reliable. Highly recommended.,Positive,Books,4
2327,The product stopped working after a few days. Not recommended. The delivery was also disappointing.,Negative,Home Appliances,1
2328,It arrived on time and appears to work normally. The experience was acceptable.,Neutral,Sports,3
2329,It is an average product. Nothing particularly impressive. It is suitable for basic use.,Neutral,Clothing,2
2330,The quality is acceptable for the price. Delivery was normal.,Neutral,Books,2
2331,Very bad quality and definitely not worth the money. It needs major improvement.,Negative,Clothing,2
2332,"The product is comfortable, reliable, and worth the money. It is worth the price.",Positive,Books,4
2333,Fantastic product with good build quality and smooth performance. I am very satisfied.,Positive,Kitchen,4
2334,Great product for the price. Very useful and easy to use. Highly recommended.,Positive,Clothing,4
2335,Very happy with my purchase. The product feels durable and reliable. I am very satisfied.,Positive,Clothing,5
2336,I expected much better quality. This was a disappointing purchase. It needs major improvement.,Negative,Sports,2
2337,Waste of money. The product did not meet my expectations. Customer support did not help much.,Negative,Clothing,1
2338,It is an average product. Nothing particularly impressive. Delivery was normal.,Neutral,Furniture,2
2339,I would not recommend this product to anyone. Customer support did not help much.,Negative,Furniture,1
2340,"The product is comfortable, reliable, and worth the money. I would purchase it again.",Positive,Home Appliances,5
2341,"It is a decent purchase, but I expected slightly more. The experience was acceptable.",Neutral,Shoes,2
2342,Fantastic product with good build quality and smooth performance. Highly recommended.,Positive,Furniture,5
2343,Excellent quality and amazing performance. Highly recommended. I would purchase it again.,Positive,Kitchen,5
2344,I am disappointed with this product. The quality is very poor. I would not purchase it again.,Negative,Electronics,2
2345,I expected much better quality. This was a disappointing purchase. I regret buying it.,Negative,Electronics,2
2346,"The product does its basic job, but there is room for improvement. The experience was acceptable.",Neutral,Furniture,2
2347,Excellent quality and amazing performance. Highly recommended. I would purchase it again.,Positive,Beauty,5
2348,Poor experience. The item was faulty and difficult to use. It needs major improvement.,Negative,Furniture,1
2349,Excellent quality and amazing performance. Highly recommended. It is worth the price.,Positive,Furniture,4
2350,The product matches the description and is fairly average. It could be improved.,Neutral,Books,3
2351,The product arrived damaged and did not work properly. I regret buying it.,Negative,Electronics,1
2352,I am disappointed with this product. The quality is very poor. The delivery was also disappointing.,Negative,Books,1
2353,The performance is poor and the product feels cheaply made. I regret buying it.,Negative,Shoes,2
2354,Waste of money. The product did not meet my expectations. The delivery was also disappointing.,Negative,Beauty,2
2355,This product exceeded my expectations. I would definitely buy it again. Highly recommended.,Positive,Books,5
2356,"Overall, the experience was okay. Delivery was normal.",Neutral,Beauty,2
2357,The product is neither very good nor very bad. I may consider other options next time.,Neutral,Books,3
2358,Very happy with my purchase. The product feels durable and reliable. I would purchase it again.,Positive,Books,4
2359,Works really well and looks great. Good value for money. It is worth the price.,Positive,Books,4
2360,"It is a decent purchase, but I expected slightly more. The experience was acceptable.",Neutral,Clothing,2
2361,The product arrived quickly and was exactly as described. I am very satisfied.,Positive,Home Appliances,4
2362,"The features are useful, although the performance is average. I may consider other options next time.",Neutral,Furniture,3
2363,The product arrived quickly and was exactly as described. Highly recommended.,Positive,Furniture,5
2364,I would not recommend this product to anyone. I regret buying it.,Negative,Sports,2
2365,The product arrived damaged and did not work properly. I regret buying it.,Negative,Clothing,1
2366,The product matches the description and is fairly average. I may consider other options next time.,Neutral,Furniture,2
2367,"The product does its basic job, but there is room for improvement. Delivery was normal.",Neutral,Shoes,3
2368,Great product for the price. Very useful and easy to use. It is worth the price.,Positive,Sports,5
2369,The product arrived quickly and was exactly as described. It is worth the price.,Positive,Sports,4
2370,"The product is comfortable, reliable, and worth the money. I am very satisfied.",Positive,Kitchen,5
2371,"The product is comfortable, reliable, and worth the money. I am very satisfied.",Positive,Sports,4
2372,The product arrived damaged and did not work properly. I regret buying it.,Negative,Beauty,2
2373,The product matches the description and is fairly average. It could be improved.,Neutral,Sports,2
2374,The product matches the description and is fairly average. I may consider other options next time.,Neutral,Beauty,3
2375,The product matches the description and is fairly average. It could be improved.,Neutral,Clothing,3
2376,Great product for the price. Very useful and easy to use. I would purchase it again.,Positive,Home Appliances,4
2377,I am satisfied with the quality and the overall experience. The delivery was also good.,Positive,Home Appliances,5
2378,This product exceeded my expectations. I would definitely buy it again. I am very satisfied.,Positive,Clothing,4
2379,This product exceeded my expectations. I would definitely buy it again. It is worth the price.,Positive,Books,5
2380,"Overall, the experience was okay. It is suitable for basic use.",Neutral,Clothing,3
2381,"The product does its basic job, but there is room for improvement. Delivery was normal.",Neutral,Beauty,3
2382,Very happy with my purchase. The product feels durable and reliable. I would purchase it again.,Positive,Sports,4
2383,The product is okay and works as expected. The experience was acceptable.,Neutral,Beauty,3
2384,The product stopped working after a few days. Not recommended. The delivery was also disappointing.,Negative,Beauty,2
2385,The quality is acceptable for the price. Delivery was normal.,Neutral,Home Appliances,3
2386,The quality is acceptable for the price. It is suitable for basic use.,Neutral,Shoes,2
2387,The product stopped working after a few days. Not recommended. I would not purchase it again.,Negative,Electronics,2
2388,The product matches the description and is fairly average. It could be improved.,Neutral,Beauty,2
2389,I would not recommend this product to anyone. Customer support did not help much.,Negative,Kitchen,2
2390,"The features are useful, although the performance is average. It could be improved.",Neutral,Books,3
2391,The product is neither very good nor very bad. I may consider other options next time.,Neutral,Furniture,2
2392,"The product does its basic job, but there is room for improvement. The experience was acceptable.",Neutral,Beauty,3
2393,Poor experience. The item was faulty and difficult to use. It needs major improvement.,Negative,Clothing,2
2394,Works really well and looks great. Good value for money. Highly recommended.,Positive,Books,4
2395,"The features are useful, although the performance is average. It is suitable for basic use.",Neutral,Shoes,3
2396,Works really well and looks great. Good value for money. I am very satisfied.,Positive,Kitchen,4
2397,The product is okay and works as expected. It could be improved.,Neutral,Home Appliances,3
2398,The product has several problems and does not work as advertised. I regret buying it.,Negative,Sports,2
2399,The performance is poor and the product feels cheaply made. I would not purchase it again.,Negative,Kitchen,1
2400,Waste of money. The product did not meet my expectations. I would not purchase it again.,Negative,Kitchen,2
2401,Very happy with my purchase. The product feels durable and reliable. Highly recommended.,Positive,Beauty,4
2402,"It is a decent purchase, but I expected slightly more. Delivery was normal.",Neutral,Electronics,3
2403,I am satisfied with the quality and the overall experience. I would purchase it again.,Positive,Kitchen,4
2404,Works really well and looks great. Good value for money. I am very satisfied.,Positive,Mobile Accessories,5
2405,Very happy with my purchase. The product feels durable and reliable. It is worth the price.,Positive,Shoes,4
2406,"Overall, the experience was okay. Delivery was normal.",Neutral,Books,3
2407,"Overall, the experience was okay. The experience was acceptable.",Neutral,Home Appliances,2
2408,I am satisfied with the quality and the overall experience. I would purchase it again.,Positive,Furniture,4
2409,I expected much better quality. This was a disappointing purchase. The delivery was also disappointing.,Negative,Sports,2
2410,Very bad quality and definitely not worth the money. Customer support did not help much.,Negative,Kitchen,2
2411,"The product does its basic job, but there is room for improvement. I may consider other options next time.",Neutral,Beauty,3
2412,The product matches the description and is fairly average. The experience was acceptable.,Neutral,Furniture,2
2413,The product matches the description and is fairly average. I may consider other options next time.,Neutral,Books,2
2414,The product arrived quickly and was exactly as described. Highly recommended.,Positive,Mobile Accessories,5
2415,Fantastic product with good build quality and smooth performance. It is worth the price.,Positive,Sports,4
2416,I am disappointed with this product. The quality is very poor. I regret buying it.,Negative,Shoes,2
2417,It arrived on time and appears to work normally. It is suitable for basic use.,Neutral,Mobile Accessories,2
2418,I expected much better quality. This was a disappointing purchase. I regret buying it.,Negative,Kitchen,1
2419,Poor experience. The item was faulty and difficult to use. Customer support did not help much.,Negative,Kitchen,2
2420,I am disappointed with this product. The quality is very poor. I would not purchase it again.,Negative,Mobile Accessories,2
2421,Fantastic product with good build quality and smooth performance. I am very satisfied.,Positive,Kitchen,5
2422,Very happy with my purchase. The product feels durable and reliable. Highly recommended.,Positive,Shoes,5
2423,I absolutely love this product. The quality is excellent and it works perfectly. I am very satisfied.,Positive,Books,4
2424,Poor experience. The item was faulty and difficult to use. The delivery was also disappointing.,Negative,Kitchen,1
2425,Fantastic product with good build quality and smooth performance. I am very satisfied.,Positive,Furniture,4
2426,Fantastic product with good build quality and smooth performance. I am very satisfied.,Positive,Electronics,5
2427,I expected much better quality. This was a disappointing purchase. The delivery was also disappointing.,Negative,Clothing,1
2428,The product matches the description and is fairly average. It could be improved.,Neutral,Shoes,3
2429,The product has several problems and does not work as advertised. Customer support did not help much.,Negative,Mobile Accessories,1
2430,"Overall, the experience was okay. The experience was acceptable.",Neutral,Shoes,3
2431,The quality is acceptable for the price. It could be improved.,Neutral,Electronics,2
2432,It is an average product. Nothing particularly impressive. It could be improved.,Neutral,Mobile Accessories,2
2433,Great product for the price. Very useful and easy to use. It is worth the price.,Positive,Beauty,5
2434,This product exceeded my expectations. I would definitely buy it again. Highly recommended.,Positive,Mobile Accessories,5
2435,"It is a decent purchase, but I expected slightly more. Delivery was normal.",Neutral,Furniture,3
2436,"The product is comfortable, reliable, and worth the money. I would purchase it again.",Positive,Mobile Accessories,4
2437,I am disappointed with this product. The quality is very poor. I would not purchase it again.,Negative,Clothing,2
2438,The quality is acceptable for the price. The experience was acceptable.,Neutral,Kitchen,3
2439,"It is a decent purchase, but I expected slightly more. Delivery was normal.",Neutral,Mobile Accessories,3
2440,The quality is acceptable for the price. The experience was acceptable.,Neutral,Beauty,2
2441,Very bad quality and definitely not worth the money. It needs major improvement.,Negative,Books,1
2442,The product stopped working after a few days. Not recommended. I regret buying it.,Negative,Shoes,2
2443,Poor experience. The item was faulty and difficult to use. The delivery was also disappointing.,Negative,Clothing,1
2444,The product matches the description and is fairly average. Delivery was normal.,Neutral,Electronics,3
2445,"The product does its basic job, but there is room for improvement. It could be improved.",Neutral,Beauty,2
2446,The product matches the description and is fairly average. It could be improved.,Neutral,Furniture,3
2447,I expected much better quality. This was a disappointing purchase. I would not purchase it again.,Negative,Kitchen,2
2448,I am disappointed with this product. The quality is very poor. I regret buying it.,Negative,Shoes,1
2449,"The product does its basic job, but there is room for improvement. The experience was acceptable.",Neutral,Kitchen,2
2450,"The features are useful, although the performance is average. It could be improved.",Neutral,Clothing,2
2451,"The features are useful, although the performance is average. It could be improved.",Neutral,Kitchen,3
2452,Very happy with my purchase. The product feels durable and reliable. Highly recommended.,Positive,Kitchen,5
2453,Very happy with my purchase. The product feels durable and reliable. The delivery was also good.,Positive,Beauty,5
2454,Great product for the price. Very useful and easy to use. Highly recommended.,Positive,Kitchen,5
2455,Works really well and looks great. Good value for money. Highly recommended.,Positive,Books,4
2456,The product arrived damaged and did not work properly. I would not purchase it again.,Negative,Books,2
2457,The product is okay and works as expected. It is suitable for basic use.,Neutral,Shoes,2
2458,I would not recommend this product to anyone. Customer support did not help much.,Negative,Home Appliances,2
2459,The product stopped working after a few days. Not recommended. I would not purchase it again.,Negative,Beauty,2
2460,"The features are useful, although the performance is average. It is suitable for basic use.",Neutral,Clothing,3
2461,The product is neither very good nor very bad. It could be improved.,Neutral,Electronics,2
2462,Waste of money. The product did not meet my expectations. I regret buying it.,Negative,Mobile Accessories,1
2463,The product is neither very good nor very bad. I may consider other options next time.,Neutral,Mobile Accessories,2
2464,The product matches the description and is fairly average. It could be improved.,Neutral,Mobile Accessories,2
2465,The product is neither very good nor very bad. I may consider other options next time.,Neutral,Sports,3
2466,The product stopped working after a few days. Not recommended. I would not purchase it again.,Negative,Clothing,1
2467,Fantastic product with good build quality and smooth performance. I am very satisfied.,Positive,Mobile Accessories,4
2468,Fantastic product with good build quality and smooth performance. I am very satisfied.,Positive,Furniture,4
2469,Waste of money. The product did not meet my expectations. The delivery was also disappointing.,Negative,Clothing,2
2470,"The product is comfortable, reliable, and worth the money. I am very satisfied.",Positive,Home Appliances,4
2471,I am satisfied with the quality and the overall experience. I am very satisfied.,Positive,Clothing,5
2472,I am disappointed with this product. The quality is very poor. Customer support did not help much.,Negative,Home Appliances,2
2473,Fantastic product with good build quality and smooth performance. I would purchase it again.,Positive,Beauty,5
2474,I am satisfied with the quality and the overall experience. I would purchase it again.,Positive,Books,4
2475,Fantastic product with good build quality and smooth performance. I would purchase it again.,Positive,Sports,5
2476,Waste of money. The product did not meet my expectations. I would not purchase it again.,Negative,Beauty,1
2477,The performance is poor and the product feels cheaply made. I regret buying it.,Negative,Books,1
2478,I am disappointed with this product. The quality is very poor. Customer support did not help much.,Negative,Shoes,2
2479,The product arrived quickly and was exactly as described. I am very satisfied.,Positive,Books,4
2480,"The product does its basic job, but there is room for improvement. I may consider other options next time.",Neutral,Shoes,3
2481,I expected much better quality. This was a disappointing purchase. I would not purchase it again.,Negative,Furniture,1
2482,The product is neither very good nor very bad. It is suitable for basic use.,Neutral,Books,2
2483,Fantastic product with good build quality and smooth performance. I am very satisfied.,Positive,Shoes,5
2484,Very bad quality and definitely not worth the money. It needs major improvement.,Negative,Shoes,2
2485,It is an average product. Nothing particularly impressive. It could be improved.,Neutral,Clothing,3
2486,The product matches the description and is fairly average. The experience was acceptable.,Neutral,Home Appliances,3
2487,"The product is comfortable, reliable, and worth the money. The delivery was also good.",Positive,Furniture,4
2488,The product stopped working after a few days. Not recommended. I regret buying it.,Negative,Electronics,1
2489,Waste of money. The product did not meet my expectations. I regret buying it.,Negative,Clothing,2
2490,The product is okay and works as expected. It is suitable for basic use.,Neutral,Furniture,3
2491,"The product is comfortable, reliable, and worth the money. Highly recommended.",Positive,Furniture,4
2492,I expected much better quality. This was a disappointing purchase. Customer support did not help much.,Negative,Clothing,1
2493,I expected much better quality. This was a disappointing purchase. I regret buying it.,Negative,Mobile Accessories,2
2494,The performance is poor and the product feels cheaply made. I regret buying it.,Negative,Beauty,2
2495,This product exceeded my expectations. I would definitely buy it again. Highly recommended.,Positive,Home Appliances,4
2496,It arrived on time and appears to work normally. Delivery was normal.,Neutral,Mobile Accessories,2
2497,The product is neither very good nor very bad. It is suitable for basic use.,Neutral,Beauty,3
2498,Very bad quality and definitely not worth the money. I would not purchase it again.,Negative,Kitchen,2
2499,"The product does its basic job, but there is room for improvement. The experience was acceptable.",Neutral,Beauty,2
2500,Great product for the price. Very useful and easy to use. I would purchase it again.,Positive,Clothing,4
2501,Great product for the price. Very useful and easy to use. It is worth the price.,Positive,Mobile Accessories,4
2502,"The product is comfortable, reliable, and worth the money. It is worth the price.",Positive,Mobile Accessories,4
2503,The quality is acceptable for the price. The experience was acceptable.,Neutral,Beauty,3
2504,The product matches the description and is fairly average. It is suitable for basic use.,Neutral,Clothing,2
2505,Excellent quality and amazing performance. Highly recommended. Highly recommended.,Positive,Home Appliances,4
2506,Excellent quality and amazing performance. Highly recommended. It is worth the price.,Positive,Books,4
2507,Works really well and looks great. Good value for money. The delivery was also good.,Positive,Shoes,5
2508,Great product for the price. Very useful and easy to use. I would purchase it again.,Positive,Beauty,4
2509,The product is neither very good nor very bad. Delivery was normal.,Neutral,Beauty,2
2510,The product has several problems and does not work as advertised. The delivery was also disappointing.,Negative,Books,2
2511,This product exceeded my expectations. I would definitely buy it again. I would purchase it again.,Positive,Sports,4
2512,I am disappointed with this product. The quality is very poor. I would not purchase it again.,Negative,Kitchen,1
2513,Great product for the price. Very useful and easy to use. The delivery was also good.,Positive,Electronics,4
2514,"The product does its basic job, but there is room for improvement. It is suitable for basic use.",Neutral,Electronics,2
2515,Fantastic product with good build quality and smooth performance. The delivery was also good.,Positive,Sports,5
2516,Poor experience. The item was faulty and difficult to use. Customer support did not help much.,Negative,Mobile Accessories,2
2517,Very happy with my purchase. The product feels durable and reliable. It is worth the price.,Positive,Mobile Accessories,4
2518,It arrived on time and appears to work normally. It is suitable for basic use.,Neutral,Books,3
2519,"Overall, the experience was okay. Delivery was normal.",Neutral,Home Appliances,3
2520,The product matches the description and is fairly average. I may consider other options next time.,Neutral,Electronics,2
2521,The product arrived damaged and did not work properly. I would not purchase it again.,Negative,Clothing,2
2522,The product stopped working after a few days. Not recommended. The delivery was also disappointing.,Negative,Kitchen,2
2523,The product stopped working after a few days. Not recommended. I regret buying it.,Negative,Sports,1
2524,It arrived on time and appears to work normally. I may consider other options next time.,Neutral,Mobile Accessories,2
2525,The performance is poor and the product feels cheaply made. It needs major improvement.,Negative,Home Appliances,2
2526,Waste of money. The product did not meet my expectations. I would not purchase it again.,Negative,Mobile Accessories,2
2527,The product is neither very good nor very bad. I may consider other options next time.,Neutral,Electronics,2
2528,Excellent quality and amazing performance. Highly recommended. I am very satisfied.,Positive,Shoes,4
2529,The product has several problems and does not work as advertised. Customer support did not help much.,Negative,Kitchen,2
2530,Great product for the price. Very useful and easy to use. Highly recommended.,Positive,Kitchen,5
2531,Fantastic product with good build quality and smooth performance. The delivery was also good.,Positive,Books,4
2532,The product has several problems and does not work as advertised. The delivery was also disappointing.,Negative,Clothing,1
2533,The quality is acceptable for the price. The experience was acceptable.,Neutral,Electronics,2
2534,I absolutely love this product. The quality is excellent and it works perfectly. I am very satisfied.,Positive,Home Appliances,4
2535,Excellent quality and amazing performance. Highly recommended. The delivery was also good.,Positive,Books,4
2536,The product matches the description and is fairly average. It is suitable for basic use.,Neutral,Shoes,2
2537,"It is a decent purchase, but I expected slightly more. I may consider other options next time.",Neutral,Mobile Accessories,3
2538,I would not recommend this product to anyone. Customer support did not help much.,Negative,Mobile Accessories,1
2539,Poor experience. The item was faulty and difficult to use. Customer support did not help much.,Negative,Mobile Accessories,1
2540,It is an average product. Nothing particularly impressive. It could be improved.,Neutral,Clothing,2
2541,The product matches the description and is fairly average. It could be improved.,Neutral,Mobile Accessories,2
2542,Very bad quality and definitely not worth the money. It needs major improvement.,Negative,Furniture,2
2543,Works really well and looks great. Good value for money. I would purchase it again.,Positive,Clothing,5
2544,Waste of money. The product did not meet my expectations. I regret buying it.,Negative,Clothing,2
2545,"It is a decent purchase, but I expected slightly more. I may consider other options next time.",Neutral,Sports,3
2546,"The features are useful, although the performance is average. The experience was acceptable.",Neutral,Mobile Accessories,2
2547,Great product for the price. Very useful and easy to use. I am very satisfied.,Positive,Home Appliances,5
2548,The performance is poor and the product feels cheaply made. I regret buying it.,Negative,Shoes,1
2549,The performance is poor and the product feels cheaply made. The delivery was also disappointing.,Negative,Books,2
2550,The performance is poor and the product feels cheaply made. It needs major improvement.,Negative,Sports,2
2551,Very bad quality and definitely not worth the money. I regret buying it.,Negative,Electronics,1
2552,The product is neither very good nor very bad. Delivery was normal.,Neutral,Electronics,2
2553,The performance is poor and the product feels cheaply made. Customer support did not help much.,Negative,Furniture,2
2554,Works really well and looks great. Good value for money. I am very satisfied.,Positive,Shoes,4
2555,It arrived on time and appears to work normally. Delivery was normal.,Neutral,Mobile Accessories,2
2556,The product stopped working after a few days. Not recommended. The delivery was also disappointing.,Negative,Electronics,2
2557,It is an average product. Nothing particularly impressive. The experience was acceptable.,Neutral,Beauty,2
2558,It is an average product. Nothing particularly impressive. It is suitable for basic use.,Neutral,Electronics,3
2559,The performance is poor and the product feels cheaply made. It needs major improvement.,Negative,Kitchen,1
2560,Works really well and looks great. Good value for money. I am very satisfied.,Positive,Beauty,5
2561,The product matches the description and is fairly average. Delivery was normal.,Neutral,Kitchen,3
2562,"The product is comfortable, reliable, and worth the money. I am very satisfied.",Positive,Clothing,4
2563,The product arrived damaged and did not work properly. The delivery was also disappointing.,Negative,Shoes,2
2564,I am satisfied with the quality and the overall experience. I would purchase it again.,Positive,Kitchen,5
2565,"The features are useful, although the performance is average. Delivery was normal.",Neutral,Beauty,3
2566,Works really well and looks great. Good value for money. I am very satisfied.,Positive,Beauty,5
2567,"The features are useful, although the performance is average. The experience was acceptable.",Neutral,Mobile Accessories,2
2568,I am satisfied with the quality and the overall experience. Highly recommended.,Positive,Mobile Accessories,5
2569,This product exceeded my expectations. I would definitely buy it again. I would purchase it again.,Positive,Beauty,4
2570,I am satisfied with the quality and the overall experience. I would purchase it again.,Positive,Beauty,5
2571,It is an average product. Nothing particularly impressive. It could be improved.,Neutral,Shoes,3
2572,"Overall, the experience was okay. It could be improved.",Neutral,Beauty,3
2573,Very happy with my purchase. The product feels durable and reliable. I would purchase it again.,Positive,Books,4
2574,Great product for the price. Very useful and easy to use. It is worth the price.,Positive,Kitchen,5
2575,Very bad quality and definitely not worth the money. I would not purchase it again.,Negative,Home Appliances,2
2576,The product is okay and works as expected. I may consider other options next time.,Neutral,Home Appliances,2
2577,The quality is acceptable for the price. Delivery was normal.,Neutral,Kitchen,3
2578,It arrived on time and appears to work normally. It is suitable for basic use.,Neutral,Furniture,3
2579,The product is neither very good nor very bad. It could be improved.,Neutral,Mobile Accessories,2
2580,I am disappointed with this product. The quality is very poor. The delivery was also disappointing.,Negative,Books,2
2581,I am satisfied with the quality and the overall experience. It is worth the price.,Positive,Furniture,4
2582,This product exceeded my expectations. I would definitely buy it again. It is worth the price.,Positive,Furniture,5
2583,I expected much better quality. This was a disappointing purchase. I regret buying it.,Negative,Kitchen,1
2584,"The features are useful, although the performance is average. Delivery was normal.",Neutral,Electronics,2
2585,"The product does its basic job, but there is room for improvement. It could be improved.",Neutral,Sports,3
2586,"It is a decent purchase, but I expected slightly more. I may consider other options next time.",Neutral,Clothing,2
2587,Great product for the price. Very useful and easy to use. The delivery was also good.,Positive,Electronics,4
2588,Great product for the price. Very useful and easy to use. I am very satisfied.,Positive,Shoes,4
2589,Fantastic product with good build quality and smooth performance. It is worth the price.,Positive,Sports,5
2590,Poor experience. The item was faulty and difficult to use. It needs major improvement.,Negative,Home Appliances,1
2591,Waste of money. The product did not meet my expectations. The delivery was also disappointing.,Negative,Mobile Accessories,1
2592,I am disappointed with this product. The quality is very poor. The delivery was also disappointing.,Negative,Electronics,2
2593,The product arrived quickly and was exactly as described. The delivery was also good.,Positive,Furniture,5
2594,I am satisfied with the quality and the overall experience. I would purchase it again.,Positive,Clothing,5
2595,Excellent quality and amazing performance. Highly recommended. I am very satisfied.,Positive,Books,5
2596,"The product is comfortable, reliable, and worth the money. I am very satisfied.",Positive,Electronics,4
2597,Very happy with my purchase. The product feels durable and reliable. It is worth the price.,Positive,Mobile Accessories,5
2598,Excellent quality and amazing performance. Highly recommended. The delivery was also good.,Positive,Beauty,5
2599,I am satisfied with the quality and the overall experience. The delivery was also good.,Positive,Electronics,4
2600,"Overall, the experience was okay. Delivery was normal.",Neutral,Sports,2
2601,The product matches the description and is fairly average. It is suitable for basic use.,Neutral,Shoes,2
2602,Works really well and looks great. Good value for money. I am very satisfied.,Positive,Sports,5
2603,It is an average product. Nothing particularly impressive. Delivery was normal.,Neutral,Books,2
2604,I expected much better quality. This was a disappointing purchase. I would not purchase it again.,Negative,Books,2
2605,I expected much better quality. This was a disappointing purchase. The delivery was also disappointing.,Negative,Home Appliances,2
2606,The quality is acceptable for the price. It could be improved.,Neutral,Mobile Accessories,2
2607,I am satisfied with the quality and the overall experience. The delivery was also good.,Positive,Kitchen,5
2608,"The product is comfortable, reliable, and worth the money. It is worth the price.",Positive,Sports,5
2609,The quality is acceptable for the price. The experience was acceptable.,Neutral,Shoes,3
2610,I am disappointed with this product. The quality is very poor. I would not purchase it again.,Negative,Electronics,1
2611,Poor experience. The item was faulty and difficult to use. I would not purchase it again.,Negative,Clothing,2
2612,The performance is poor and the product feels cheaply made. I would not purchase it again.,Negative,Sports,2
2613,"The product does its basic job, but there is room for improvement. Delivery was normal.",Neutral,Sports,3
2614,I absolutely love this product. The quality is excellent and it works perfectly. Highly recommended.,Positive,Kitchen,4
2615,"The product is comfortable, reliable, and worth the money. I would purchase it again.",Positive,Furniture,4
2616,The product arrived quickly and was exactly as described. I am very satisfied.,Positive,Clothing,5
2617,"It is a decent purchase, but I expected slightly more. It is suitable for basic use.",Neutral,Furniture,3
2618,"It is a decent purchase, but I expected slightly more. Delivery was normal.",Neutral,Books,3
2619,Great product for the price. Very useful and easy to use. The delivery was also good.,Positive,Mobile Accessories,4
2620,The product is neither very good nor very bad. It is suitable for basic use.,Neutral,Clothing,2
2621,"It is a decent purchase, but I expected slightly more. It could be improved.",Neutral,Books,2
2622,I expected much better quality. This was a disappointing purchase. Customer support did not help much.,Negative,Beauty,2
2623,"The product does its basic job, but there is room for improvement. The experience was acceptable.",Neutral,Shoes,3
2624,Excellent quality and amazing performance. Highly recommended. I am very satisfied.,Positive,Books,4
2625,Very happy with my purchase. The product feels durable and reliable. The delivery was also good.,Positive,Home Appliances,5
2626,The product stopped working after a few days. Not recommended. I regret buying it.,Negative,Mobile Accessories,2
2627,Waste of money. The product did not meet my expectations. I regret buying it.,Negative,Home Appliances,1
2628,Works really well and looks great. Good value for money. I am very satisfied.,Positive,Beauty,4
2629,"The product is comfortable, reliable, and worth the money. The delivery was also good.",Positive,Books,5
2630,The product arrived quickly and was exactly as described. Highly recommended.,Positive,Home Appliances,4
2631,Waste of money. The product did not meet my expectations. Customer support did not help much.,Negative,Beauty,1
2632,Excellent quality and amazing performance. Highly recommended. Highly recommended.,Positive,Shoes,4
2633,I am disappointed with this product. The quality is very poor. It needs major improvement.,Negative,Home Appliances,1
2634,I absolutely love this product. The quality is excellent and it works perfectly. It is worth the price.,Positive,Beauty,4
2635,The product matches the description and is fairly average. The experience was acceptable.,Neutral,Home Appliances,3
2636,"It is a decent purchase, but I expected slightly more. Delivery was normal.",Neutral,Electronics,2
2637,I am satisfied with the quality and the overall experience. It is worth the price.,Positive,Clothing,5
2638,The quality is acceptable for the price. I may consider other options next time.,Neutral,Home Appliances,2
2639,Poor experience. The item was faulty and difficult to use. Customer support did not help much.,Negative,Home Appliances,2
2640,I absolutely love this product. The quality is excellent and it works perfectly. I am very satisfied.,Positive,Kitchen,4
2641,The product arrived quickly and was exactly as described. The delivery was also good.,Positive,Electronics,4
2642,The quality is acceptable for the price. The experience was acceptable.,Neutral,Home Appliances,2
2643,Waste of money. The product did not meet my expectations. I regret buying it.,Negative,Books,1
2644,I am satisfied with the quality and the overall experience. The delivery was also good.,Positive,Books,4
2645,"It is a decent purchase, but I expected slightly more. It is suitable for basic use.",Neutral,Kitchen,2
2646,I am satisfied with the quality and the overall experience. The delivery was also good.,Positive,Electronics,5
2647,I am disappointed with this product. The quality is very poor. It needs major improvement.,Negative,Furniture,2
2648,"It is a decent purchase, but I expected slightly more. I may consider other options next time.",Neutral,Kitchen,2
2649,"The product is comfortable, reliable, and worth the money. The delivery was also good.",Positive,Sports,5
2650,Poor experience. The item was faulty and difficult to use. I regret buying it.,Negative,Beauty,2
2651,The product is neither very good nor very bad. I may consider other options next time.,Neutral,Home Appliances,3
2652,It arrived on time and appears to work normally. I may consider other options next time.,Neutral,Furniture,3
2653,I expected much better quality. This was a disappointing purchase. I regret buying it.,Negative,Home Appliances,2
2654,I am satisfied with the quality and the overall experience. I am very satisfied.,Positive,Furniture,5
2655,Very bad quality and definitely not worth the money. Customer support did not help much.,Negative,Furniture,1
2656,Very bad quality and definitely not worth the money. I regret buying it.,Negative,Sports,1
2657,Very happy with my purchase. The product feels durable and reliable. It is worth the price.,Positive,Sports,5
2658,Waste of money. The product did not meet my expectations. I would not purchase it again.,Negative,Beauty,2
2659,The product arrived quickly and was exactly as described. The delivery was also good.,Positive,Shoes,5
2660,The product matches the description and is fairly average. The experience was acceptable.,Neutral,Kitchen,3
2661,"The product is comfortable, reliable, and worth the money. I would purchase it again.",Positive,Home Appliances,5
2662,The product arrived quickly and was exactly as described. It is worth the price.,Positive,Kitchen,4
2663,I absolutely love this product. The quality is excellent and it works perfectly. I am very satisfied.,Positive,Clothing,4
2664,I am satisfied with the quality and the overall experience. Highly recommended.,Positive,Shoes,5
2665,I absolutely love this product. The quality is excellent and it works perfectly. I am very satisfied.,Positive,Shoes,4
2666,Poor experience. The item was faulty and difficult to use. The delivery was also disappointing.,Negative,Electronics,2
2667,I am disappointed with this product. The quality is very poor. The delivery was also disappointing.,Negative,Electronics,2
2668,It arrived on time and appears to work normally. The experience was acceptable.,Neutral,Home Appliances,2
2669,I am disappointed with this product. The quality is very poor. The delivery was also disappointing.,Negative,Books,2
2670,The product has several problems and does not work as advertised. I regret buying it.,Negative,Clothing,2
2671,I am disappointed with this product. The quality is very poor. The delivery was also disappointing.,Negative,Sports,2
2672,It is an average product. Nothing particularly impressive. It is suitable for basic use.,Neutral,Home Appliances,2
2673,I am disappointed with this product. The quality is very poor. It needs major improvement.,Negative,Clothing,1
2674,The product arrived damaged and did not work properly. It needs major improvement.,Negative,Electronics,2
2675,"It is a decent purchase, but I expected slightly more. The experience was acceptable.",Neutral,Shoes,3
2676,This product exceeded my expectations. I would definitely buy it again. Highly recommended.,Positive,Clothing,5
2677,I would not recommend this product to anyone. The delivery was also disappointing.,Negative,Books,1
2678,I am satisfied with the quality and the overall experience. Highly recommended.,Positive,Home Appliances,4
2679,Works really well and looks great. Good value for money. The delivery was also good.,Positive,Books,5
2680,Poor experience. The item was faulty and difficult to use. It needs major improvement.,Negative,Beauty,2
2681,Very bad quality and definitely not worth the money. I would not purchase it again.,Negative,Shoes,2
2682,It arrived on time and appears to work normally. It is suitable for basic use.,Neutral,Shoes,2
2683,This product exceeded my expectations. I would definitely buy it again. The delivery was also good.,Positive,Clothing,5
2684,Waste of money. The product did not meet my expectations. Customer support did not help much.,Negative,Home Appliances,2
2685,Excellent quality and amazing performance. Highly recommended. Highly recommended.,Positive,Clothing,5
2686,Works really well and looks great. Good value for money. I am very satisfied.,Positive,Shoes,5
2687,The product has several problems and does not work as advertised. I would not purchase it again.,Negative,Mobile Accessories,1
2688,"It is a decent purchase, but I expected slightly more. The experience was acceptable.",Neutral,Home Appliances,2
2689,Very bad quality and definitely not worth the money. I would not purchase it again.,Negative,Clothing,2
2690,The product has several problems and does not work as advertised. The delivery was also disappointing.,Negative,Clothing,1
2691,Very bad quality and definitely not worth the money. The delivery was also disappointing.,Negative,Kitchen,1
2692,The product stopped working after a few days. Not recommended. It needs major improvement.,Negative,Home Appliances,2
2693,The product is neither very good nor very bad. The experience was acceptable.,Neutral,Home Appliances,2
2694,"Overall, the experience was okay. I may consider other options next time.",Neutral,Sports,2
2695,Excellent quality and amazing performance. Highly recommended. I would purchase it again.,Positive,Shoes,4
2696,Fantastic product with good build quality and smooth performance. The delivery was also good.,Positive,Books,4
2697,I expected much better quality. This was a disappointing purchase. It needs major improvement.,Negative,Beauty,2
2698,Works really well and looks great. Good value for money. I would purchase it again.,Positive,Electronics,4
2699,The product stopped working after a few days. Not recommended. I regret buying it.,Negative,Beauty,1
2700,It is an average product. Nothing particularly impressive. Delivery was normal.,Neutral,Mobile Accessories,3
2701,It arrived on time and appears to work normally. Delivery was normal.,Neutral,Clothing,3
2702,The product is neither very good nor very bad. Delivery was normal.,Neutral,Furniture,2
2703,I am disappointed with this product. The quality is very poor. Customer support did not help much.,Negative,Electronics,1
2704,The quality is acceptable for the price. Delivery was normal.,Neutral,Books,3
2705,I would not recommend this product to anyone. I would not purchase it again.,Negative,Mobile Accessories,1
2706,The product is neither very good nor very bad. Delivery was normal.,Neutral,Clothing,2
2707,I am disappointed with this product. The quality is very poor. The delivery was also disappointing.,Negative,Electronics,2
2708,"The product does its basic job, but there is room for improvement. It could be improved.",Neutral,Kitchen,2
2709,Great product for the price. Very useful and easy to use. Highly recommended.,Positive,Books,4
2710,It is an average product. Nothing particularly impressive. It is suitable for basic use.,Neutral,Shoes,2
2711,This product exceeded my expectations. I would definitely buy it again. I would purchase it again.,Positive,Shoes,4
2712,Poor experience. The item was faulty and difficult to use. I would not purchase it again.,Negative,Beauty,1
2713,Great product for the price. Very useful and easy to use. The delivery was also good.,Positive,Electronics,5
2714,It arrived on time and appears to work normally. I may consider other options next time.,Neutral,Beauty,2
2715,It arrived on time and appears to work normally. It is suitable for basic use.,Neutral,Home Appliances,3
2716,The product arrived damaged and did not work properly. Customer support did not help much.,Negative,Clothing,2
2717,This product exceeded my expectations. I would definitely buy it again. Highly recommended.,Positive,Clothing,4
2718,Very bad quality and definitely not worth the money. Customer support did not help much.,Negative,Clothing,1
2719,I expected much better quality. This was a disappointing purchase. The delivery was also disappointing.,Negative,Shoes,1
2720,This product exceeded my expectations. I would definitely buy it again. The delivery was also good.,Positive,Shoes,5
2721,"The product is comfortable, reliable, and worth the money. Highly recommended.",Positive,Electronics,4
2722,The product is okay and works as expected. It could be improved.,Neutral,Shoes,2
2723,It arrived on time and appears to work normally. The experience was acceptable.,Neutral,Furniture,3
2724,It arrived on time and appears to work normally. The experience was acceptable.,Neutral,Kitchen,2
2725,Excellent quality and amazing performance. Highly recommended. The delivery was also good.,Positive,Kitchen,5
2726,Works really well and looks great. Good value for money. Highly recommended.,Positive,Electronics,5
2727,"Overall, the experience was okay. It is suitable for basic use.",Neutral,Clothing,3
2728,Poor experience. The item was faulty and difficult to use. I regret buying it.,Negative,Clothing,2
2729,Waste of money. The product did not meet my expectations. The delivery was also disappointing.,Negative,Clothing,1
2730,Works really well and looks great. Good value for money. Highly recommended.,Positive,Clothing,5
2731,The quality is acceptable for the price. It could be improved.,Neutral,Books,2
2732,The product arrived damaged and did not work properly. Customer support did not help much.,Negative,Kitchen,1
2733,"The features are useful, although the performance is average. It is suitable for basic use.",Neutral,Home Appliances,3
2734,The product has several problems and does not work as advertised. I regret buying it.,Negative,Sports,1
2735,I expected much better quality. This was a disappointing purchase. I regret buying it.,Negative,Beauty,2
2736,Great product for the price. Very useful and easy to use. I am very satisfied.,Positive,Mobile Accessories,5
2737,The product arrived damaged and did not work properly. I would not purchase it again.,Negative,Beauty,1
2738,The product is okay and works as expected. It could be improved.,Neutral,Kitchen,3
2739,I would not recommend this product to anyone. Customer support did not help much.,Negative,Mobile Accessories,1
2740,Great product for the price. Very useful and easy to use. It is worth the price.,Positive,Books,4
2741,Poor experience. The item was faulty and difficult to use. I would not purchase it again.,Negative,Mobile Accessories,1
2742,I absolutely love this product. The quality is excellent and it works perfectly. I am very satisfied.,Positive,Sports,5
2743,I expected much better quality. This was a disappointing purchase. Customer support did not help much.,Negative,Electronics,2
2744,The product stopped working after a few days. Not recommended. I would not purchase it again.,Negative,Kitchen,1
2745,"The product does its basic job, but there is room for improvement. The experience was acceptable.",Neutral,Home Appliances,2
2746,Very happy with my purchase. The product feels durable and reliable. It is worth the price.,Positive,Shoes,4
2747,It is an average product. Nothing particularly impressive. It is suitable for basic use.,Neutral,Kitchen,3
2748,"It is a decent purchase, but I expected slightly more. The experience was acceptable.",Neutral,Mobile Accessories,3
2749,The product has several problems and does not work as advertised. Customer support did not help much.,Negative,Shoes,2
2750,It is an average product. Nothing particularly impressive. I may consider other options next time.,Neutral,Shoes,3
2751,Poor experience. The item was faulty and difficult to use. I regret buying it.,Negative,Beauty,2
2752,"The features are useful, although the performance is average. I may consider other options next time.",Neutral,Books,2
2753,This product exceeded my expectations. I would definitely buy it again. The delivery was also good.,Positive,Clothing,4
2754,I would not recommend this product to anyone. Customer support did not help much.,Negative,Beauty,2
2755,Very bad quality and definitely not worth the money. It needs major improvement.,Negative,Kitchen,1
2756,The product stopped working after a few days. Not recommended. I regret buying it.,Negative,Kitchen,1
2757,The quality is acceptable for the price. I may consider other options next time.,Neutral,Sports,2
2758,The product arrived quickly and was exactly as described. It is worth the price.,Positive,Sports,5
2759,It is an average product. Nothing particularly impressive. It could be improved.,Neutral,Clothing,3
2760,"The product does its basic job, but there is room for improvement. I may consider other options next time.",Neutral,Beauty,2
2761,Fantastic product with good build quality and smooth performance. I am very satisfied.,Positive,Furniture,4
2762,The quality is acceptable for the price. It is suitable for basic use.,Neutral,Furniture,3
2763,It arrived on time and appears to work normally. It could be improved.,Neutral,Kitchen,2
2764,The quality is acceptable for the price. It is suitable for basic use.,Neutral,Furniture,2
2765,Waste of money. The product did not meet my expectations. I would not purchase it again.,Negative,Sports,2
2766,I am disappointed with this product. The quality is very poor. It needs major improvement.,Negative,Furniture,1
2767,Fantastic product with good build quality and smooth performance. The delivery was also good.,Positive,Shoes,5
2768,"It is a decent purchase, but I expected slightly more. The experience was acceptable.",Neutral,Shoes,2
2769,The product has several problems and does not work as advertised. The delivery was also disappointing.,Negative,Sports,2
2770,Works really well and looks great. Good value for money. I am very satisfied.,Positive,Shoes,4
2771,The product matches the description and is fairly average. It is suitable for basic use.,Neutral,Furniture,2
2772,Fantastic product with good build quality and smooth performance. I am very satisfied.,Positive,Sports,5
2773,Poor experience. The item was faulty and difficult to use. I would not purchase it again.,Negative,Home Appliances,2
2774,"The product does its basic job, but there is room for improvement. It is suitable for basic use.",Neutral,Electronics,3
2775,Very happy with my purchase. The product feels durable and reliable. I would purchase it again.,Positive,Kitchen,5
2776,I expected much better quality. This was a disappointing purchase. I would not purchase it again.,Negative,Sports,2
2777,I am satisfied with the quality and the overall experience. The delivery was also good.,Positive,Clothing,4
2778,Very happy with my purchase. The product feels durable and reliable. The delivery was also good.,Positive,Clothing,5
2779,I am satisfied with the quality and the overall experience. I would purchase it again.,Positive,Home Appliances,5
2780,I am satisfied with the quality and the overall experience. It is worth the price.,Positive,Books,4
2781,"The product is comfortable, reliable, and worth the money. It is worth the price.",Positive,Shoes,4
2782,Great product for the price. Very useful and easy to use. The delivery was also good.,Positive,Furniture,4
2783,I expected much better quality. This was a disappointing purchase. I regret buying it.,Negative,Kitchen,1
2784,The product matches the description and is fairly average. It could be improved.,Neutral,Home Appliances,3
2785,The product matches the description and is fairly average. I may consider other options next time.,Neutral,Mobile Accessories,3
2786,"The product does its basic job, but there is room for improvement. It could be improved.",Neutral,Mobile Accessories,3
2787,The product arrived damaged and did not work properly. It needs major improvement.,Negative,Beauty,1
2788,The product matches the description and is fairly average. It is suitable for basic use.,Neutral,Furniture,3
2789,The performance is poor and the product feels cheaply made. I regret buying it.,Negative,Sports,2
2790,"The features are useful, although the performance is average. Delivery was normal.",Neutral,Clothing,2
2791,It is an average product. Nothing particularly impressive. The experience was acceptable.,Neutral,Clothing,2
2792,The product stopped working after a few days. Not recommended. The delivery was also disappointing.,Negative,Clothing,1
2793,The quality is acceptable for the price. Delivery was normal.,Neutral,Shoes,3
2794,This product exceeded my expectations. I would definitely buy it again. I would purchase it again.,Positive,Electronics,5
2795,The quality is acceptable for the price. The experience was acceptable.,Neutral,Sports,2
2796,Very bad quality and definitely not worth the money. The delivery was also disappointing.,Negative,Electronics,2
2797,Fantastic product with good build quality and smooth performance. The delivery was also good.,Positive,Shoes,4
2798,Excellent quality and amazing performance. Highly recommended. I am very satisfied.,Positive,Mobile Accessories,4
2799,Very bad quality and definitely not worth the money. I regret buying it.,Negative,Home Appliances,1
2800,I am satisfied with the quality and the overall experience. I am very satisfied.,Positive,Kitchen,4
2801,The product is neither very good nor very bad. It is suitable for basic use.,Neutral,Electronics,2
2802,The quality is acceptable for the price. Delivery was normal.,Neutral,Shoes,3
2803,I would not recommend this product to anyone. Customer support did not help much.,Negative,Mobile Accessories,1
2804,Very bad quality and definitely not worth the money. I would not purchase it again.,Negative,Kitchen,1
2805,The product matches the description and is fairly average. Delivery was normal.,Neutral,Kitchen,2
2806,"The product does its basic job, but there is room for improvement. I may consider other options next time.",Neutral,Shoes,3
2807,"It is a decent purchase, but I expected slightly more. The experience was acceptable.",Neutral,Electronics,2
2808,Waste of money. The product did not meet my expectations. It needs major improvement.,Negative,Kitchen,1
2809,The product is okay and works as expected. The experience was acceptable.,Neutral,Mobile Accessories,3
2810,"Overall, the experience was okay. I may consider other options next time.",Neutral,Home Appliances,3
2811,Very happy with my purchase. The product feels durable and reliable. It is worth the price.,Positive,Home Appliances,4
2812,Great product for the price. Very useful and easy to use. I am very satisfied.,Positive,Beauty,4
2813,"The product does its basic job, but there is room for improvement. It is suitable for basic use.",Neutral,Kitchen,2
2814,Very happy with my purchase. The product feels durable and reliable. Highly recommended.,Positive,Home Appliances,5
2815,I am satisfied with the quality and the overall experience. I am very satisfied.,Positive,Beauty,5
2816,"The features are useful, although the performance is average. The experience was acceptable.",Neutral,Furniture,2
2817,"It is a decent purchase, but I expected slightly more. I may consider other options next time.",Neutral,Electronics,3
2818,The product arrived quickly and was exactly as described. Highly recommended.,Positive,Mobile Accessories,4
2819,It arrived on time and appears to work normally. Delivery was normal.,Neutral,Furniture,3
2820,The product matches the description and is fairly average. It is suitable for basic use.,Neutral,Clothing,2
2821,I am satisfied with the quality and the overall experience. The delivery was also good.,Positive,Home Appliances,5
2822,Poor experience. The item was faulty and difficult to use. It needs major improvement.,Negative,Clothing,1
2823,The product has several problems and does not work as advertised. I regret buying it.,Negative,Furniture,1
2824,"It is a decent purchase, but I expected slightly more. Delivery was normal.",Neutral,Books,3
2825,The product is neither very good nor very bad. I may consider other options next time.,Neutral,Home Appliances,2
2826,The product is neither very good nor very bad. Delivery was normal.,Neutral,Sports,2
2827,I expected much better quality. This was a disappointing purchase. It needs major improvement.,Negative,Mobile Accessories,2
2828,The product is okay and works as expected. It could be improved.,Neutral,Mobile Accessories,3
2829,Poor experience. The item was faulty and difficult to use. I would not purchase it again.,Negative,Home Appliances,1
2830,The product is neither very good nor very bad. It could be improved.,Neutral,Mobile Accessories,3
2831,"The product does its basic job, but there is room for improvement. Delivery was normal.",Neutral,Furniture,3
2832,It arrived on time and appears to work normally. Delivery was normal.,Neutral,Books,3
2833,I would not recommend this product to anyone. It needs major improvement.,Negative,Electronics,1
2834,The product arrived damaged and did not work properly. The delivery was also disappointing.,Negative,Mobile Accessories,1
2835,The quality is acceptable for the price. Delivery was normal.,Neutral,Books,3
2836,"Overall, the experience was okay. It could be improved.",Neutral,Shoes,3
2837,I am satisfied with the quality and the overall experience. Highly recommended.,Positive,Kitchen,4
2838,The product stopped working after a few days. Not recommended. The delivery was also disappointing.,Negative,Books,2
2839,The quality is acceptable for the price. The experience was acceptable.,Neutral,Shoes,3
2840,The product stopped working after a few days. Not recommended. I regret buying it.,Negative,Mobile Accessories,1
2841,The performance is poor and the product feels cheaply made. I would not purchase it again.,Negative,Furniture,1
2842,I expected much better quality. This was a disappointing purchase. The delivery was also disappointing.,Negative,Books,1
2843,"It is a decent purchase, but I expected slightly more. The experience was acceptable.",Neutral,Kitchen,3
2844,"It is a decent purchase, but I expected slightly more. It could be improved.",Neutral,Home Appliances,3
2845,"The features are useful, although the performance is average. It is suitable for basic use.",Neutral,Mobile Accessories,2
2846,I am disappointed with this product. The quality is very poor. I regret buying it.,Negative,Electronics,1
2847,The product is okay and works as expected. It is suitable for basic use.,Neutral,Shoes,2
2848,The product arrived quickly and was exactly as described. It is worth the price.,Positive,Home Appliances,4
2849,"The features are useful, although the performance is average. Delivery was normal.",Neutral,Electronics,3
2850,The performance is poor and the product feels cheaply made. I would not purchase it again.,Negative,Mobile Accessories,1
2851,Poor experience. The item was faulty and difficult to use. I regret buying it.,Negative,Shoes,1
2852,I expected much better quality. This was a disappointing purchase. The delivery was also disappointing.,Negative,Books,1
2853,The quality is acceptable for the price. It could be improved.,Neutral,Electronics,2
2854,The product is neither very good nor very bad. It could be improved.,Neutral,Kitchen,2
2855,This product exceeded my expectations. I would definitely buy it again. It is worth the price.,Positive,Clothing,5
2856,"The features are useful, although the performance is average. It is suitable for basic use.",Neutral,Sports,2
2857,I absolutely love this product. The quality is excellent and it works perfectly. I would purchase it again.,Positive,Sports,4
2858,The product has several problems and does not work as advertised. It needs major improvement.,Negative,Sports,1
2859,Works really well and looks great. Good value for money. Highly recommended.,Positive,Mobile Accessories,5
2860,"Overall, the experience was okay. It could be improved.",Neutral,Kitchen,2
2861,The product is neither very good nor very bad. Delivery was normal.,Neutral,Sports,2
2862,The quality is acceptable for the price. I may consider other options next time.,Neutral,Mobile Accessories,3
2863,The product arrived quickly and was exactly as described. Highly recommended.,Positive,Home Appliances,4
2864,I am satisfied with the quality and the overall experience. I am very satisfied.,Positive,Sports,4
2865,I am disappointed with this product. The quality is very poor. Customer support did not help much.,Negative,Shoes,1
2866,"The product is comfortable, reliable, and worth the money. It is worth the price.",Positive,Books,4
2867,Very happy with my purchase. The product feels durable and reliable. The delivery was also good.,Positive,Furniture,5
2868,The product has several problems and does not work as advertised. I regret buying it.,Negative,Electronics,2
2869,The product has several problems and does not work as advertised. Customer support did not help much.,Negative,Shoes,2
2870,"It is a decent purchase, but I expected slightly more. Delivery was normal.",Neutral,Mobile Accessories,3
2871,Poor experience. The item was faulty and difficult to use. It needs major improvement.,Negative,Home Appliances,2
2872,"Overall, the experience was okay. Delivery was normal.",Neutral,Shoes,3
2873,Waste of money. The product did not meet my expectations. Customer support did not help much.,Negative,Clothing,2
2874,Excellent quality and amazing performance. Highly recommended. Highly recommended.,Positive,Kitchen,5
2875,The quality is acceptable for the price. It could be improved.,Neutral,Shoes,3
2876,Very bad quality and definitely not worth the money. The delivery was also disappointing.,Negative,Clothing,2
2877,"It is a decent purchase, but I expected slightly more. It is suitable for basic use.",Neutral,Shoes,2
2878,The product arrived damaged and did not work properly. It needs major improvement.,Negative,Electronics,1
2879,The product stopped working after a few days. Not recommended. Customer support did not help much.,Negative,Books,1
2880,"The product is comfortable, reliable, and worth the money. Highly recommended.",Positive,Books,4
2881,It arrived on time and appears to work normally. I may consider other options next time.,Neutral,Home Appliances,3
2882,The product has several problems and does not work as advertised. It needs major improvement.,Negative,Home Appliances,2
2883,"The product is comfortable, reliable, and worth the money. I would purchase it again.",Positive,Kitchen,4
2884,Works really well and looks great. Good value for money. I am very satisfied.,Positive,Home Appliances,5
2885,"The product does its basic job, but there is room for improvement. It is suitable for basic use.",Neutral,Shoes,2
2886,The product arrived quickly and was exactly as described. I am very satisfied.,Positive,Home Appliances,4
2887,I am disappointed with this product. The quality is very poor. I regret buying it.,Negative,Shoes,1
2888,I am disappointed with this product. The quality is very poor. It needs major improvement.,Negative,Beauty,1
2889,The performance is poor and the product feels cheaply made. I would not purchase it again.,Negative,Sports,1
2890,"The features are useful, although the performance is average. The experience was acceptable.",Neutral,Furniture,3
2891,"The product is comfortable, reliable, and worth the money. I am very satisfied.",Positive,Beauty,4
2892,I expected much better quality. This was a disappointing purchase. It needs major improvement.,Negative,Sports,2
2893,Works really well and looks great. Good value for money. I would purchase it again.,Positive,Sports,4
2894,It arrived on time and appears to work normally. Delivery was normal.,Neutral,Mobile Accessories,3
2895,Excellent quality and amazing performance. Highly recommended. It is worth the price.,Positive,Books,5
2896,I am disappointed with this product. The quality is very poor. I regret buying it.,Negative,Shoes,1
2897,The product matches the description and is fairly average. I may consider other options next time.,Neutral,Kitchen,3
2898,The quality is acceptable for the price. The experience was acceptable.,Neutral,Furniture,2
2899,The product matches the description and is fairly average. Delivery was normal.,Neutral,Electronics,3
2900,The product has several problems and does not work as advertised. It needs major improvement.,Negative,Books,1
2901,The performance is poor and the product feels cheaply made. Customer support did not help much.,Negative,Home Appliances,2
2902,"It is a decent purchase, but I expected slightly more. I may consider other options next time.",Neutral,Clothing,2
2903,"It is a decent purchase, but I expected slightly more. It could be improved.",Neutral,Electronics,3
2904,The performance is poor and the product feels cheaply made. Customer support did not help much.,Negative,Home Appliances,1
2905,Excellent quality and amazing performance. Highly recommended. Highly recommended.,Positive,Clothing,4
2906,I expected much better quality. This was a disappointing purchase. I would not purchase it again.,Negative,Shoes,2
2907,"The features are useful, although the performance is average. It is suitable for basic use.",Neutral,Kitchen,3
2908,I absolutely love this product. The quality is excellent and it works perfectly. The delivery was also good.,Positive,Shoes,5
2909,"The product is comfortable, reliable, and worth the money. I am very satisfied.",Positive,Beauty,5
2910,I am disappointed with this product. The quality is very poor. I regret buying it.,Negative,Clothing,1
2911,Excellent quality and amazing performance. Highly recommended. The delivery was also good.,Positive,Mobile Accessories,4
2912,The product has several problems and does not work as advertised. I regret buying it.,Negative,Furniture,2
2913,I absolutely love this product. The quality is excellent and it works perfectly. It is worth the price.,Positive,Books,4
2914,It is an average product. Nothing particularly impressive. The experience was acceptable.,Neutral,Sports,2
2915,I am satisfied with the quality and the overall experience. It is worth the price.,Positive,Home Appliances,5
2916,I am satisfied with the quality and the overall experience. I would purchase it again.,Positive,Furniture,5
2917,The performance is poor and the product feels cheaply made. Customer support did not help much.,Negative,Mobile Accessories,2
2918,The performance is poor and the product feels cheaply made. I regret buying it.,Negative,Home Appliances,1
2919,"It is a decent purchase, but I expected slightly more. Delivery was normal.",Neutral,Mobile Accessories,3
2920,The product is okay and works as expected. It could be improved.,Neutral,Beauty,2
2921,Very happy with my purchase. The product feels durable and reliable. I am very satisfied.,Positive,Home Appliances,5
2922,"The product is comfortable, reliable, and worth the money. I would purchase it again.",Positive,Electronics,5
2923,Poor experience. The item was faulty and difficult to use. I regret buying it.,Negative,Shoes,2
2924,Excellent quality and amazing performance. Highly recommended. I would purchase it again.,Positive,Clothing,5
2925,The product matches the description and is fairly average. It is suitable for basic use.,Neutral,Mobile Accessories,3
2926,The product arrived quickly and was exactly as described. The delivery was also good.,Positive,Kitchen,5
2927,"The product is comfortable, reliable, and worth the money. The delivery was also good.",Positive,Beauty,5
2928,The quality is acceptable for the price. I may consider other options next time.,Neutral,Kitchen,3
2929,I expected much better quality. This was a disappointing purchase. I regret buying it.,Negative,Home Appliances,2
2930,Waste of money. The product did not meet my expectations. Customer support did not help much.,Negative,Mobile Accessories,2
2931,Very happy with my purchase. The product feels durable and reliable. The delivery was also good.,Positive,Books,4
2932,It arrived on time and appears to work normally. It could be improved.,Neutral,Beauty,3
2933,The product is okay and works as expected. It could be improved.,Neutral,Shoes,3
2934,I would not recommend this product to anyone. I regret buying it.,Negative,Shoes,1
2935,The product is okay and works as expected. It is suitable for basic use.,Neutral,Sports,3
2936,"The features are useful, although the performance is average. It could be improved.",Neutral,Shoes,3
2937,It arrived on time and appears to work normally. It could be improved.,Neutral,Books,3
2938,I would not recommend this product to anyone. The delivery was also disappointing.,Negative,Clothing,1
2939,Very happy with my purchase. The product feels durable and reliable. I would purchase it again.,Positive,Books,4
2940,I absolutely love this product. The quality is excellent and it works perfectly. It is worth the price.,Positive,Sports,5
2941,The product arrived damaged and did not work properly. It needs major improvement.,Negative,Furniture,1
2942,"It is a decent purchase, but I expected slightly more. It is suitable for basic use.",Neutral,Furniture,3
2943,It arrived on time and appears to work normally. I may consider other options next time.,Neutral,Clothing,3
2944,The product arrived damaged and did not work properly. Customer support did not help much.,Negative,Mobile Accessories,1
2945,The product matches the description and is fairly average. It is suitable for basic use.,Neutral,Home Appliances,2
2946,Waste of money. The product did not meet my expectations. It needs major improvement.,Negative,Shoes,1
2947,The performance is poor and the product feels cheaply made. Customer support did not help much.,Negative,Electronics,2
2948,I am disappointed with this product. The quality is very poor. I would not purchase it again.,Negative,Shoes,2
2949,I absolutely love this product. The quality is excellent and it works perfectly. Highly recommended.,Positive,Furniture,5
2950,Poor experience. The item was faulty and difficult to use. I regret buying it.,Negative,Mobile Accessories,2
2951,The product arrived damaged and did not work properly. The delivery was also disappointing.,Negative,Beauty,1
2952,Excellent quality and amazing performance. Highly recommended. Highly recommended.,Positive,Clothing,5
2953,Waste of money. The product did not meet my expectations. I would not purchase it again.,Negative,Shoes,1
2954,"The features are useful, although the performance is average. The experience was acceptable.",Neutral,Beauty,2
2955,The performance is poor and the product feels cheaply made. I regret buying it.,Negative,Beauty,2
2956,I am disappointed with this product. The quality is very poor. It needs major improvement.,Negative,Furniture,1
2957,Waste of money. The product did not meet my expectations. I would not purchase it again.,Negative,Books,2
2958,This product exceeded my expectations. I would definitely buy it again. I would purchase it again.,Positive,Books,5
2959,It is an average product. Nothing particularly impressive. It could be improved.,Neutral,Books,3
2960,Waste of money. The product did not meet my expectations. Customer support did not help much.,Negative,Books,1
2961,"Overall, the experience was okay. I may consider other options next time.",Neutral,Sports,3
2962,The product is okay and works as expected. Delivery was normal.,Neutral,Sports,2
2963,Works really well and looks great. Good value for money. Highly recommended.,Positive,Mobile Accessories,4
2964,The performance is poor and the product feels cheaply made. I regret buying it.,Negative,Clothing,1
2965,I am satisfied with the quality and the overall experience. It is worth the price.,Positive,Furniture,5
2966,It arrived on time and appears to work normally. It could be improved.,Neutral,Books,3
2967,This product exceeded my expectations. I would definitely buy it again. The delivery was also good.,Positive,Beauty,4
2968,I would not recommend this product to anyone. The delivery was also disappointing.,Negative,Mobile Accessories,1
2969,The performance is poor and the product feels cheaply made. It needs major improvement.,Negative,Books,1
2970,Very bad quality and definitely not worth the money. Customer support did not help much.,Negative,Books,1
2971,The product matches the description and is fairly average. Delivery was normal.,Neutral,Mobile Accessories,3
2972,I absolutely love this product. The quality is excellent and it works perfectly. I would purchase it again.,Positive,Shoes,4
2973,I am disappointed with this product. The quality is very poor. The delivery was also disappointing.,Negative,Furniture,2
2974,I am satisfied with the quality and the overall experience. The delivery was also good.,Positive,Mobile Accessories,4
2975,Poor experience. The item was faulty and difficult to use. Customer support did not help much.,Negative,Shoes,1
2976,Very happy with my purchase. The product feels durable and reliable. The delivery was also good.,Positive,Clothing,5
2977,I am satisfied with the quality and the overall experience. I would purchase it again.,Positive,Home Appliances,4
2978,"It is a decent purchase, but I expected slightly more. It is suitable for basic use.",Neutral,Mobile Accessories,2
2979,I would not recommend this product to anyone. Customer support did not help much.,Negative,Shoes,1
2980,This product exceeded my expectations. I would definitely buy it again. I am very satisfied.,Positive,Sports,5
2981,"It is a decent purchase, but I expected slightly more. It is suitable for basic use.",Neutral,Clothing,2
2982,The product arrived damaged and did not work properly. I regret buying it.,Negative,Shoes,1
2983,Very bad quality and definitely not worth the money. Customer support did not help much.,Negative,Sports,1
2984,"Overall, the experience was okay. The experience was acceptable.",Neutral,Beauty,3
2985,I expected much better quality. This was a disappointing purchase. It needs major improvement.,Negative,Mobile Accessories,2
2986,I am satisfied with the quality and the overall experience. It is worth the price.,Positive,Mobile Accessories,4
2987,"Overall, the experience was okay. It could be improved.",Neutral,Electronics,3
2988,I am satisfied with the quality and the overall experience. Highly recommended.,Positive,Clothing,5
2989,The product has several problems and does not work as advertised. I regret buying it.,Negative,Electronics,2
2990,Poor experience. The item was faulty and difficult to use. The delivery was also disappointing.,Negative,Clothing,1
2991,It is an average product. Nothing particularly impressive. It is suitable for basic use.,Neutral,Shoes,2
2992,I absolutely love this product. The quality is excellent and it works perfectly. I am very satisfied.,Positive,Home Appliances,5
2993,The product is okay and works as expected. It is suitable for basic use.,Neutral,Kitchen,3
2994,Works really well and looks great. Good value for money. I am very satisfied.,Positive,Shoes,4
2995,Waste of money. The product did not meet my expectations. It needs major improvement.,Negative,Beauty,2
2996,The quality is acceptable for the price. I may consider other options next time.,Neutral,Home Appliances,3
2997,"Overall, the experience was okay. It is suitable for basic use.",Neutral,Shoes,3
2998,The quality is acceptable for the price. The experience was acceptable.,Neutral,Kitchen,2
2999,It is an average product. Nothing particularly impressive. It is suitable for basic use.,Neutral,Kitchen,3
3000,"The product is comfortable, reliable, and worth the money. I am very satisfied.",Positive,Home Appliances,5
